UserName,Transaction ID,Invoice Number,Date of Transaction,Order ID,Amount Paid,Product Name
1,80da5f4f,INV5875,2015-04-23,329101,281.55,Taco Explosion Mix Tortilla Snacks
1,2b1c8273,INV6205,2016-01-16,3284818,116.59,Italian Style Smoked Chicken Sausage With Mozzarella Cheese
1,56e91701,INV8114,2016-06-25,2695189,933.76,Lasagna With Meat & Sauce
1,ff9884ea,INV9656,2016-02-06,2917346,172.84,3 + 1 Swirl Bonus
1,66f1bf81,INV4782,2020-12-19,1745890,475.23,Juicy Green Apple Conditioner
1,dcf670c7,INV4648,2023-10-17,3276853,953.35,Slow Cookers Hearty Beef Stew Seasoning
1,c95a7bf1,INV2810,2021-01-10,1445062,85.63,Eggo Cinnamon French Toast Bites
1,361ef355,INV7589,2016-07-12,977106,205.4,Pro-Health For Me Fluoride Anticavity Toothpaste
1,6e04e42d,INV8440,2022-12-08,3005989,42.01,Gluten Free Chocolate Cake Mix
1,af237bf4,INV9581,2018-10-01,2413953,782.58,Triple Zero Peach Oikos Greek Yogurt
1,fcff946d,INV9050,2023-12-01,1851695,411.05,Mint & Dark Chocolate
2,55192b8d,INV6207,2016-03-25,1595627,555.71,Seeded Hearty Rye Loaf Bread
2,57e7a937,INV1018,2023-05-11,2890508,333.01,Cacao & Coconut Bar
2,4b611210,INV8070,2023-02-04,2019467,326.75,Organic Whole Raw Cashews
2,8fd7becd,INV4772,2015-08-22,3178266,859.58,Snow Peas
2,fc4cc72b,INV1138,2022-12-21,843116,670.81,Petite-Cut Diced Tomatoes
2,ab98caf7,INV7189,2021-06-25,543043,965.62,High Potency D3-1000IU Softgels
2,e614e9bc,INV7203,2020-04-25,1402272,121.17,Thick Sliced Naturally Hardwood Smoked Bacon
2,d579da36,INV1140,2017-06-21,3168079,164.4,Intense Dark Chocolate Hazelnut Heaven
2,da7238b2,INV8968,2018-05-12,3154609,863.66,Home Style Fat Free Gravy - Classic Chicken
2,dcc2471b,INV6993,2020-01-19,3195796,99.43,Nutter Butter Peanut Butter Creme Patties
2,29bb5ee4,INV4617,2015-10-03,2386970,947.57,85% Dark Chocolate Bar
3,42c6aac9,INV4489,2023-04-13,1665418,13.6,Lite Firm Tofu
3,695406fc,INV9587,2020-10-10,1111439,342.49,Port
3,41d32bc2,INV4481,2016-05-23,756660,783.52,Spinach Dijon Salad Cafe Bowl
3,46444f74,INV2190,2018-03-13,797920,339.88,Cherry Lip Shimmer
3,36273e5c,INV8381,2023-12-12,1568581,647.58,Gluten Free Pantry Pancake Instant Baking Mix
3,e0f4ad40,INV1843,2016-06-27,1682128,307.49,Choconut Almond and Chocolate Biscuits
3,3ce8e635,INV3717,2021-10-05,734715,583.59,Organic Black Heirloom Quinoa
3,a3d975d1,INV5055,2022-06-10,984917,273.68,Organic Lactose Free 1% Lowfat Milk
3,a95f81a9,INV4436,2017-08-15,358975,266.15,Vanilla Moisturizing Body Wash
3,44f22342,INV3192,2022-12-27,1162807,281.11,Creamy Harvarti Cheese
3,262b028e,INV7254,2019-02-13,2849072,291.15,Sport Fresh Scent Antiperspirant & Deodorant Invisible Solid
3,c590b126,INV2619,2020-06-02,1377991,368.07,Organic Supersweet Cut Corn
3,7afaf026,INV4246,2023-10-06,1154488,654.96,Dairy Pure Fresh Half & Half
4,84344861,INV2341,2017-01-08,1228881,156.18,Mozzarella Cheese Slices
4,9230ce54,INV5665,2018-04-04,1826562,62.53,Bountiful Black Bean Soup Mix
4,06b6975f,INV6764,2023-06-08,320269,436.91,Powercore Color Protector Laundry Detergent 50 Count
4,e46c182b,INV8301,2023-02-26,667812,645.07,Organic Whole Grain Amaranth Flour Stone Ground
4,a2a9a9a4,INV3435,2017-07-11,1906953,579.03,"Magic Tape Refillable Dispenser 3/4\"" x 850\"""
4,63c1816d,INV7979,2019-09-02,3246246,967.6,Smoked Beef Rope Sausage
4,07c3c33d,INV2981,2020-01-12,2723275,300.74,Gluten Free Homemade Wonderful Bread Mix
4,09a1fab9,INV7765,2021-05-17,2745403,901.49,Enlightened Organic Raw Kombucha
4,07c1b7c4,INV3442,2016-11-08,1095697,539.76,Progesterone Cream
4,7ac0e4e6,INV8304,2022-03-15,1591190,47.08,Swaddlers Sensitive Diapers Jumbo Pack Size Newborn
4,4c0e3191,INV9117,2016-03-11,123981,512.65,"White Wine Salami, Pinot Grigio"
4,7b88423d,INV5437,2020-09-14,2535993,417.53,Ibuprofen Liquid Softgels
4,8255513d,INV5870,2016-02-14,2097318,809.04,"Ground Pork, Extra Lean, 4% Fat"
4,48d6e354,INV3842,2021-09-14,2355042,94.78,Vaginal Hygiene Suppositories With Tea Tree Oil
4,93b53978,INV9987,2022-03-22,846296,346.49,Tidbits In 100% Pineapple Juice Pineapple
4,a8177bec,INV8282,2015-10-24,470950,406.26,All Natural California Sliced Almonds
4,9f32cf06,INV5092,2021-02-17,1575096,51.2,Natural Premium Coconut Water & Pineapple Juice From Concentrate
4,71e8c506,INV3370,2022-04-20,1489725,222.14,Thin Crust Trio Bacon Pizza
4,5903a04a,INV9737,2022-03-25,2901064,457.51,Classic Red Chile Enchilada Sauce
4,e9c1f38b,INV5381,2020-05-10,1560036,632.85,Rhino Swirlin' Calci-Bears With Vitamin D
5,a6bfb4d1,INV4062,2023-10-16,3365691,808.23,Four Pepper Goat Cheese
5,02c2649a,INV6531,2022-12-05,586216,598.95,Solid Albacore Tuna in Water
5,1839e9fd,INV3301,2015-12-19,969196,10.83,Jumbo Spaghetti & Meatballs In Hearty Tomato Sauce
5,b6104fba,INV1539,2023-05-13,3204403,802.39,Roasted Pumpkin Seed Salsa
5,1fa362e6,INV3014,2016-05-14,2395643,804.95,Spoons
5,448178ec,INV9312,2021-08-22,1096843,367.64,Medium Bag Peanut Milk Chocolate Candies
6,1ec246a7,INV6288,2016-06-20,3289759,60.38,Sea Salt & Maple Butter
6,bedfeb1c,INV8088,2021-02-14,1466401,526.99,Bearly Processed Sea Salt Caramel Apple Granola
6,2a8c430c,INV3463,2021-08-23,580071,590.98,Rich & Creamy Plain Yogurt
6,cff08f67,INV3335,2017-10-14,2759179,965.51,HE Turbo Clean Plus Downy April Fresh Scent Liquid Laundry Detergent
6,00707adf,INV3757,2015-09-10,1035640,882.89,Strawberry Energy Gel
6,a6ab75c8,INV8998,2019-04-23,3179585,537.7,Mediterranean Garlic & Herb Ravioli
6,7025f110,INV7282,2022-12-15,280422,255.88,Nutri-Grain Crunch Chocolatey Chip Breakfast Bars
6,c94da317,INV9775,2017-09-10,1087509,771.98,Cote D Azur French Milled Oval Bar Soap
6,1fc52741,INV2480,2023-09-27,2043608,349.7,Gluten Free Chicken Pot Pie
7,650c6382,INV4198,2018-03-02,2453147,372.42,Roasted Gaaahlic Pasta Sauce
7,18250eb1,INV5136,2017-04-28,2757816,764.4,Blue Raspberry Lemonade Unsweetened Soft Drink Mix
7,d0f7d63f,INV3220,2018-03-21,2321431,846.75,Organic Cranberries Package
7,0b6f1491,INV3829,2023-10-14,3076744,672.62,Demi Baguette
7,1488e49a,INV3350,2017-12-20,3055964,447.33,Dark Chocolate Cherry Chia Bar
7,a38ca936,INV4706,2015-02-15,441935,316.15,Naturals Dry Scalp Shampoo
7,2d8b04d8,INV8747,2015-06-09,2481817,81.02,Apricot Energy Bar
7,68f1e884,INV5071,2023-06-20,512164,590.53,"Gummi Candy, Fizzy Cola"
7,b7ad650f,INV1502,2021-07-16,2950914,584.12,Fresh Radish Chips
7,302f7e22,INV9711,2020-05-12,2121249,860.23,Donut Sticks
7,175a1725,INV1184,2019-01-01,1132024,163.76,"Hibiscus Superflower Tea, Coconut & Caffeine-Free"
7,47cf1829,INV9222,2015-06-21,878286,547.92,Diet The Original Cream Soda
7,77b70bf8,INV3669,2015-10-16,949149,456.15,Australian Sharp Cheddar Cheese
7,b04ce440,INV6500,2022-03-06,3227288,531.66,"Pancake & Waffle Mix, Almond Flour"
7,039a898f,INV1801,2022-07-08,925850,476.67,Avocado Spread Basil
7,d12b014b,INV4227,2016-02-28,2185032,856.78,Smart Ones Chicken Oriental
8,9fcb1f20,INV6976,2019-06-12,1836053,656.96,Yellow Curry Paste
8,7b73a516,INV2308,2022-09-15,3152644,204.54,Active Naturals Shampoo Pure Renewal
8,d200ed1e,INV7013,2019-08-27,1583945,419.63,Garden Salsa Multigrain Chips
8,11a229f3,INV6183,2016-08-02,87218,464.79,Ricotta Whole Milk Cheese
8,c35766b7,INV6568,2022-10-20,469112,943.01,Grill Mates Montreal Steak Seasoning
8,24ef6b4e,INV2881,2021-05-13,115229,91.28,Decaffeinated Tea
8,33725abe,INV4170,2015-05-09,2409922,123.11,Medium to Firm Hold Hair Styling Foam
8,ec6ddbb8,INV8612,2019-02-01,2183602,152.2,Carpet Stain Eraser
8,e1e8a7c7,INV6725,2015-12-07,1621054,702.83,Signature Egg Sausage & Cheese Burritos
8,50e179be,INV1603,2020-08-10,581577,112.51,OlivExtra Original Canola Oil And Extra Virgin Olive Oil
9,59120677,INV8191,2015-10-05,1709599,986.82,Chipotle Black Bean Burger
9,1d110ef6,INV9314,2023-01-05,3373809,429.27,Xtreme Defense 5 Fresh Blast Gel Anti-Perspirant & Deodorant
9,1c64d5e5,INV3090,2017-03-20,1324208,207.25,Spelt Flakes
9,8572f3fe,INV1632,2020-07-23,2477161,128.65,Chocolate Chip Bar
9,3764fa0b,INV9636,2021-11-14,2492160,744.68,Moist Supreme Sugar Free Classic Yellow Cake Mix
9,604ef9e4,INV2525,2022-12-03,2157972,903.37,Yellow Squash
9,fdfcf13a,INV5393,2019-10-15,2017086,815.21,"Italian Style Favorites Meat Trio (Italian Sausage, Genoa Salami, and Pepperoni with Mozzarella Cheese over a Marinara Sauce)"
9,1e538f94,INV6602,2022-01-22,2917623,277.47,Cafe Latte Mocha Coconut Water
10,f8dfc2a8,INV3112,2023-09-14,879358,543.87,Pinto Beans Celo
10,39de4c9d,INV9622,2018-12-08,1960166,56.19,Whole Kernel Popcorn Jar
10,160400ae,INV2078,2018-09-07,1778067,158.23,"Iso Maki, Seaweed Wrapped Rice Cracker"
10,d2a3a743,INV2318,2020-03-15,3033183,606.17,Powder Bath With Hawaiian Kukui Oil Eucalyptus & Peppermint Scent
10,c9c4f69a,INV8054,2019-01-09,932135,470.81,Goldfish Parmesan Baked Snack Crackers
10,6d361f43,INV9280,2022-12-27,2306611,376.9,Peanut Butter Creme Cookies
10,1bef89fa,INV1275,2019-05-28,2682885,213.71,Organic Plant Protein Yerba Mate Smooth Energy
10,db3ff9df,INV5814,2018-07-03,2053112,17.74,Party Bag Assortment  Chocolate Mix
10,d2183fed,INV8889,2019-07-02,2433822,545.52,Garlic Mini Loaf
10,496c90c6,INV7467,2023-02-04,184585,410.34,Chocolate Supreme Brownie Mix
10,5fb2e31d,INV6307,2020-03-02,1605527,720.13,Organic Chicken Drumsticks
10,a39f73b3,INV6806,2019-02-09,17806,109.36,Mixed Fruit  No Sugar Added
10,37bf3505,INV1002,2019-03-16,1707422,78.14,Organic Popped Corn Chile Jalapeno White Cheddar
10,6d4ba091,INV6484,2023-07-09,3356278,332.77,Caramel Iced Coffee
10,e3ca3c04,INV9614,2021-11-17,474518,183.92,Seeded Honey Wheat Organic Bread
10,f4f93840,INV4098,2023-08-21,2161296,239.2,Sparkling Lime Water
11,c7c0919e,INV6358,2022-10-04,2752865,863.63,Major Dickason's Blend Ground Coffee Dark Roast
11,29e238b9,INV1325,2020-07-08,2173150,388.43,Cream Cheese Streusel Cakes
11,87fc6ae8,INV2167,2015-09-11,2555556,688.88,Graduates Fruit & Veggie Melts Very Berry Blend
11,97dc4297,INV7012,2020-10-19,1674485,80.83,Layered Dark Chocolate Coconut Granola Bars
11,19a37f50,INV7365,2015-07-20,2886849,881.26,Organic Selled Edamame
11,db40f0fa,INV8081,2016-05-08,1113451,921.05,Natural Sleep Aid
11,ed11345b,INV7563,2016-12-06,2136600,801.68,Coconut Flavor
11,3cde7453,INV1796,2017-08-01,2461097,673.6,Smoked Whitefish Salad
11,410f971c,INV6466,2021-08-03,2570024,59.47,Original Fat Free Powder Coffee Creamer
11,849bb2d0,INV2445,2020-05-17,2496795,781.6,Organic 100% Whole Wheat No. 4 Spaghetti
11,600e8774,INV6845,2019-03-07,860007,735.22,"Soap, Pure-Castile, 18-in-1 Hemp, Lavender"
11,557b9a02,INV3577,2015-04-20,3280717,487.75,Acai Powder
11,f40e1e38,INV5879,2015-03-19,1553431,203.51,Night Time Tea
11,dce2367f,INV5064,2019-12-25,2943848,492.6,Classic Sliced Bologna
11,033654c0,INV3773,2018-01-27,2821966,744.17,Organic Original Chewy Banana Bites
11,7ed1fb22,INV3159,2018-12-12,580338,876.64,Nutrafix Hair Reconstructor
12,0aa5f730,INV8566,2023-03-21,1463373,5.2,Unsalted 65%  Vegetable Oil Spread
12,deac37cd,INV5082,2021-05-23,1772387,811.09,Lemongrass Basil Simmer Sauce
12,b54ae07d,INV4187,2016-03-28,2596033,548.23,"Frankfurters, Beef, Colossal"
12,c4ce584b,INV7850,2019-02-23,2043375,840.52,Broccoli Cut Steamers
12,25fc730e,INV4100,2015-01-25,2011221,582.11,Strawberry Gem Fruit Spread
12,d9e89a50,INV3009,2023-08-11,2829376,293.18,Mini Chocolate Cupcakes
12,19b11eb3,INV2280,2017-03-01,1042376,318.99,Pasta Sauce
12,6d2a7d50,INV7190,2022-02-26,3274765,259.37,Organic Whole Fryer Chicken
12,f4048aa0,INV7345,2016-02-03,361479,73.08,Garlic Spread
12,4bd57306,INV6019,2019-08-08,3419337,872.77,Chromium Picolinate - 500mcg
12,0dc67eed,INV5195,2017-08-06,813676,645.6,Honey Wheat Rolls
12,ca504713,INV6120,2015-07-10,2202786,972.2,Sprinkles Butter Flavor Granules
12,0720e368,INV3842,2015-09-16,1560248,634.75,Advantage Mocha Latte Shakes
12,7cdcf1dc,INV7689,2015-01-23,2522752,221.54,Travel Bottle Pack
12,aeb6dc98,INV6223,2016-05-15,2156913,315.5,Lemongrass & Chili Instant Rice Noodle Soup
12,8af074e7,INV6895,2017-07-12,2378668,641.02,Lavender Long Lasting Deodorant
12,18a3cec9,INV3635,2022-10-05,683863,269.03,Thai Style Spring Rolls with Sweet & Sour Sauce
12,38335ffb,INV2608,2022-02-08,13141,262.01,Peanut Butter Dark Chocolate Protein Chewy Bars
12,5b5f6f97,INV8837,2019-12-07,3283873,50.54,5-HTP 100 mg Vcaps
13,f64d4266,INV1765,2023-08-05,1981945,231.18,Whole Berry Cranberry Sauce
13,db158077,INV7158,2021-10-07,501164,81.1,Chocolate Sandwich Cookies
13,9c24a107,INV6313,2015-11-05,626289,119.36,Fudge Cremes Sandwich Cookies
13,4190a7fc,INV7321,2020-02-05,2777604,532.85,Traditional Yellow Mustard
13,544da69a,INV5517,2018-03-13,1196184,46.79,Chocolate Cereal
13,3a3a7a71,INV4164,2022-11-23,2797567,549.53,The Original Decaf Ground Coffee
13,cf1964fb,INV3794,2021-10-24,379998,187.48,Whipped Shea Butter For Lips With Raspberry Seed
13,4b747bd0,INV4437,2017-01-10,738640,113.66,Sweet Honey Catalina Dressing Smooth & Tangy
13,44ef9df0,INV1187,2023-08-26,1641798,352.44,Linguine Pasta
13,f0ea38f0,INV4927,2019-06-19,1747640,474.97,100% White Grape Juice Concentrate
13,44cab866,INV1427,2021-05-14,3359618,511.06,Cinnamon Swirl French Toast
13,efe88d30,INV9830,2019-05-09,81005,822.05,"Clementines, Bag"
13,c0083d23,INV9360,2020-08-07,967168,69.5,Dairy Free Semi Sweet Baking Chips
13,d27c83b9,INV7536,2015-10-02,3230216,657.82,Cookie Bites Chocolate Chip Cookies
13,e1f33ee2,INV9715,2019-05-06,2039663,933.69,B Right Complex Capsules
13,f0cde401,INV3212,2018-08-08,2029670,144.58,Organic Eggs Gift Bag Peanut Butter
13,6f25680d,INV7868,2015-03-23,2968440,107.64,Ground Paprika
14,2bd88e05,INV8616,2018-11-09,3184775,878.92,Chocolate Chip Cookie Mix
14,cca7cf24,INV3918,2018-10-27,1426505,486.33,Vanilla Chicory Root
14,d7cff134,INV1602,2015-06-15,2053053,436.09,Soft Taco Flour Tortillas
14,475b1a75,INV5538,2021-04-27,3252768,17.01,Baby Dry Diapers Jumbo Pack Size 4
14,fa13e765,INV6591,2019-05-01,300455,72.95,Souper 6-Pack Chicken Flavor Ramen Noodle Soup
14,c776b9c0,INV1978,2017-09-25,2368063,815.99,Sliced Yellow Cling in Heavy Syrup Peaches
14,0588e978,INV2602,2017-10-16,2789925,342.34,Ginger Peach With Matcha Tea
14,b142287a,INV4094,2021-03-22,1655854,648.5,Organic Turmeric Gold Fields Tea
14,74a0f424,INV9261,2021-07-10,71726,301.13,California Diced Pears Bartlett Pears in Light Syrup
15,a23d5c48,INV9447,2020-07-08,3153109,555.37,Chips Ahoy Thin Crisps
15,bb846163,INV5337,2023-11-08,3143869,807.04,Plenti Greek Blueberry Yogurt
15,c0583d05,INV9401,2018-08-08,654587,159.82,Whole Grain Breaded Chicken Breast Chunks
16,83bb6bff,INV3622,2021-09-26,1502529,266.6,Classic Original Hummus
16,22ab0466,INV1803,2017-06-02,3097585,798.75,Thyme & Olive Leaf Soy Wax Candle
16,22634f60,INV7264,2018-12-22,1429847,264.66,Cold & Flu
17,6723a7f0,INV3555,2016-02-05,1565243,510.47,Lawn And Leaf Quick Tie-Trash Bags
17,d5ecd757,INV1577,2017-08-21,1509492,662.3,"Microwave Ready  Bacon, Lower Sodium"
17,736e2dde,INV6368,2023-07-12,221663,635.42,"Yogurt, Banana and Mixed Berry Blend Breakfast On-The-Go"
17,7bc8030a,INV6842,2015-02-04,1635286,27.36,Special K Chocolatey Chip Protein Meal Bar
17,bc7489dc,INV4550,2020-09-11,1885304,517.29,"Meal Bar, Superberry & Greens"
17,83a454d9,INV7071,2019-12-07,1622809,398.14,Grapefruit Bergamot Shea Butter Body Wash
17,2d14d709,INV2878,2022-09-11,851935,212.81,Organic Maple Whole Grain Oatmeal
17,9d5f5271,INV3733,2023-06-09,2610681,501.28,Mini Crab Cakes
17,5abbd71d,INV4497,2017-05-06,1904316,935.79,Diced Pancetta
18,e85d4ede,INV3428,2021-10-27,1771105,630.12,Xlear Flouride Free Peppermint Toothpaste
18,34b4c8a6,INV4116,2019-12-12,862072,238.76,Organic Microgreens Kale
18,513a08fc,INV9032,2016-05-12,3314930,811.97,"Organic Apple Cider Vinegar Drink, Pomegranate & Goji Berry"
18,6faae723,INV6723,2019-01-05,1085527,523.15,Ground Chicken Breast
18,80c3e503,INV7796,2021-03-10,164612,885.98,Turkey Breast Oven Roasted
18,b9f9b20d,INV2048,2016-05-25,2563710,786.55,Sugar Free Black Cherry Menthol Drops Cough Suppressant/Oral Anesthetic
18,04b8340d,INV7314,2022-06-21,3369619,241.4,Chewy Mint
19,5570247a,INV9169,2016-06-26,128810,158.96,Chia
19,c34018a6,INV8862,2020-02-12,2382427,321.16,Kohlrabi
19,13fc58d1,INV5190,2016-05-28,2488699,680.27,Classics Prince Of Wales Tea
19,ca74caf3,INV5537,2015-08-04,1518322,956.19,The Original Coney Island Natural Casing Beef Frankfurters
19,fa934d74,INV6360,2018-07-06,1547066,746.4,Extra Ginger Brew Jamaican Style Ginger Beer
19,1b33495e,INV7214,2020-12-13,2458387,100.2,"Muffins, Mini, Flax, Chocolate Brownie"
19,e1fc5acc,INV2132,2023-03-07,3209518,315.83,Sugarfree Winterfresh Gum
19,edf76ce3,INV3789,2020-10-20,3001713,842.61,Caffeine Free Coke Zero
19,470ddf58,INV7133,2021-07-22,2404460,986.88,Gluten Free Almond Flour
20,b39a33f6,INV5366,2015-08-07,12425,894.64,"Sweet Peas, Greens & Brown Rice Organic Baby Food"
20,fbbc12a9,INV4536,2022-12-03,1999594,618.1,Frozen Blueberries
20,98eb01ae,INV1390,2022-07-23,2216609,365.93,Gluten Free Marketplace Spicy Beef and Bean Enchilada
20,60afdd78,INV4739,2022-06-06,3170211,560.46,Fruit Bars Tangerine With Strawberry Blueberry Pineapple
20,d850f3d7,INV2213,2020-08-07,51830,910.38,Sesame Sticks
20,aef9cb7c,INV2926,2017-06-12,1170514,169.32,Sweet & Simple Lemon Cookies
20,d399f31a,INV6284,2020-08-04,2408144,864.88,"Zucchini Chips, Sour Cream & Onion"
21,3df7bbd6,INV7791,2018-09-28,2564933,159.23,Doctor Formulated Probiotic Urinary 50 Billion
21,51b2fac5,INV4729,2017-09-25,1349615,723.63,Wild Alaskan Sockeye Salmon
21,a534aac6,INV9378,2017-07-10,1497662,302.09,Strawberry Cream Cheese
21,f5e3200c,INV8259,2015-01-03,1593642,695.38,Shin Ramyun Gourmet Spicy Noodle Soup
21,74ffb890,INV5420,2022-12-10,2049436,318.81,Delifresh Combos Turkey Breast and Ham
21,f7f8305f,INV5079,2017-09-13,60921,618.17,Chicken Mesquite Delicious Mexican Flavors
21,10a52aad,INV1952,2021-11-02,637638,325.08,Organic Lowfat Yogurt Banana Vanilla
21,53b638a2,INV9569,2019-12-06,781549,218.22,"No Salt Added Diced Tomatoes With Oregano, Garlic & Basil"
21,61e682f5,INV2465,2022-06-10,130579,953.8,Rainbow Ice Pops
22,f7fb008c,INV7063,2015-10-13,1676352,308.47,Natural Artesian Water
22,f7b0f616,INV8278,2020-12-22,2897583,479.22,Spicy Chicken Breast Patties
22,2f0bb60f,INV9567,2019-05-08,434709,162.89,Chocolate Hazelnut Bars
22,26d9d785,INV7870,2020-01-17,2056284,540.49,"Vitamin E Skin Oil 14,000 Iu"
22,1c043f5b,INV9623,2022-02-14,1311543,112.04,3 Days to Glow Medium to Tan Skin Tones Moisturizer
22,2788778a,INV4999,2020-06-09,1858405,699.32,Pizza Pesto with Organic Vegetables & Basil
22,c5bc3575,INV9605,2017-01-12,2427195,919.03,Sweet Maui Onion Rings
22,099089ae,INV8689,2018-11-03,1654928,601.9,2% Milkfat Reduced Fat Milk
22,b34a23c7,INV8829,2022-01-06,1439889,974.25,Dried Philippine Mango
22,73c7b921,INV2760,2021-02-25,2930093,724.06,Bonded Filters
22,8cd34b07,INV6181,2023-09-21,1820602,11.37,Sliced Yellow Cling Peach Slices in 100% Real Fruit Juice
22,1d85ba15,INV8942,2019-05-18,2063932,395.54,Mission White Corn 80 Ct 66.67oz Tortilas
22,2660caee,INV6511,2023-12-28,1344852,600.37,Original Cheesy Made Easy Macaroni & Cheese Dinner
22,ec25f22d,INV8102,2017-07-15,963327,414.15,Dark Chocolate Cherry Cashew Plus Antioxidants 1.4 oz Fruit & Nut Bars
22,8754017e,INV9871,2023-03-03,1814016,672.32,Tortellini Mushroom Peas
23,0c8bc30d,INV4557,2015-04-04,3344136,336.2,"Liquid Hand Soap, Refill, Lemon Verbena Scent"
23,7a091632,INV7293,2021-03-02,1487676,710.54,Maximum Double Medicated Toothache Relief
23,b5155bf6,INV1543,2021-10-16,1153974,289.94,Old Fashioned Sauerkraut
23,1982a4c7,INV6620,2023-03-13,1738696,804.6,"Cheese, Soft Ripened, Camembert"
23,6b3ad8d6,INV6284,2023-07-07,1600675,259.26,Ricanelas Cinnamon Cookies
23,f0d4a434,INV4473,2017-10-16,636186,438.37,Organic Dark Milk Chocolate Velvet Truffles
23,542fa1f4,INV1693,2019-06-20,460388,774.91,Mesquite BBQ Kettle Potato CHips
23,9c92fe3d,INV5866,2016-10-17,982245,406.92,Cauliettes Culinary Cuts
23,12ea4b39,INV7767,2018-01-01,907043,649.8,Petite Cut Diced Tomatoes with Zesty Jalapenos
23,e58f70f5,INV1967,2015-08-09,2984580,703.74,Moisture Rich Luxurious Moisture Conditioner
23,062d3dc5,INV1579,2021-11-08,1577697,818.49,Organic Dill Seed
23,294643e1,INV1928,2015-06-15,402007,879.39,Vegan Sour Cream & Onion Kettle Chips
23,4648066a,INV4130,2019-03-17,740756,2.77,Gourmet Cupcakes Triple Chocolate Filled With Rich Chocolate Fudge
24,030eda68,INV4294,2018-07-25,2023123,855.94,Real Medleys Super Grains Maple Pecan Raisin Oatmeal Cup
24,10c965f5,INV4629,2017-06-22,3403263,405.61,Eucalyptus Room And Body Mist
24,7e879068,INV3483,2018-07-05,3294323,828.69,Security Ultra Thin Regular Pads
24,676cf90f,INV8618,2022-11-14,2001211,777.11,Wet Cloth w/ Gain
24,9e417b89,INV4043,2020-09-19,2554924,964.58,Peanut Butter Ice Cream Slice Bars
24,e50896d4,INV1129,2017-06-02,2242753,577.76,Baby Dry Diapers Giant Pack - Size 5
24,9136e7b1,INV3706,2021-10-07,94382,95.61,Menudo
24,1210f978,INV3491,2021-11-22,217381,11.21,Daily Grind Black Peppercorn
24,b5db3028,INV6099,2018-08-08,2813874,428.07,"Handsoap, Foaming, All-Natural Antibacterial, Lavender"
24,3fc45fdd,INV5102,2016-10-12,2886928,158.77,Dark Chocolate Almond with Sea Salt
24,b505bd0d,INV2908,2022-01-21,1203999,142.22,Minced Garlic
24,2108d782,INV1163,2023-05-13,402067,306.73,Fat Free Ranch Veggie Dip
24,84f5d4fb,INV9929,2021-06-09,2955706,754.02,Stainless Steel Cleaner and Polish
24,2b5d7917,INV5038,2021-03-14,2858498,38.39,Super Chunky Mushroom Pasta Sauce
24,9ce03491,INV3646,2021-03-15,3360771,408.81,Instant Granulated Tapioca
24,d126e19e,INV3753,2016-11-01,3270848,237.57,Chocolate Squares Premium Assortment
24,a94bcf4e,INV2789,2022-03-13,2223111,201.42,Plus OxiClean Soap Scum Fighters Lemon Scent Bathroom Cleaner
24,c0aaae2d,INV5186,2023-05-21,3396493,587.61,Arabica Premium Whole Bean Medium Roast Coffee
25,59463fc8,INV8798,2016-07-07,2719160,217.38,THAI KITCHEN THAIPNUT NDLCART
25,5ac0ad36,INV6994,2015-07-23,589880,369.03,One Press Seal Starter Set Variety Pack Containers
25,a14ac0bc,INV4129,2022-04-16,2159612,865.17,Organic Plain French Style Yogurt
25,3acf5a87,INV4876,2023-02-14,2176323,297.4,Automatic Air Freshener Spray Refill Hawaiian Breeze
25,379a41e9,INV6875,2023-01-11,2606791,400.86,Vitamin Code Raw Prenatal Probiotic Immune Support System for Two
25,fba134b2,INV4611,2017-11-01,1529668,948.39,Riserva Balsamic Vinegar & Caramelized Onions Sauce
25,5b5f8c41,INV6014,2016-04-17,2707446,722.72,Organic Blue Agave
25,a0e4c8e6,INV3891,2023-02-18,1708299,903.44,Organic Gluten Free Tamari Soy Sauce
25,db55ffa4,INV6757,2020-05-01,2919888,477.45,Lightly Smoked Sardines In Lemon Flavored Extra Virgin Olive Oil
25,2424aba0,INV8746,2021-10-01,806367,823.44,Grands Buttermilk Biscuits
25,7cebb8a6,INV5315,2020-03-25,2132970,171.3,Organic Green Seedless Grapes
25,0f399277,INV9365,2016-02-26,3350902,828.74,Family Size Popcorn Shrimp
25,6dbdcf95,INV7565,2022-05-19,445813,222.7,Anticavity Fluoride Fresh Mint Mouthwash
25,47e0ef0d,INV2592,2022-06-24,2087963,680.35,Artichoke Hearts
25,d234e2b7,INV5111,2017-01-08,2316791,731.73,Tequila Lime Wings
26,41c00d27,INV2037,2020-09-14,252438,272.05,Roasted Ground Coriander
26,026ab1ca,INV3386,2021-06-06,485983,270.21,Beef Jerky Dog Treat Beef & Sweet Potato Recipe
26,da228c4e,INV5500,2023-11-25,185553,479.0,Homestlye Cornbread Stuffing
26,6c9c1985,INV1554,2021-02-08,2339405,630.14,Short Cuts Rotisserie Seasoned Carved Chicken Breast
26,b29b2c93,INV1215,2021-04-16,1854553,812.5,Kosher Dill Spears Made with Sea Salt
26,ee3d690e,INV6775,2021-10-08,3020597,386.04,Kung Pao Noodle Bowl
26,29481129,INV4573,2019-08-05,1722735,215.75,"Potato Chips, Reduced Fat, Unsalted"
26,5773ee35,INV7143,2023-11-05,637054,506.2,Moscato Spumante Wine
26,d00aca1c,INV7145,2021-03-16,2835086,26.5,Premium Sweet Basil & Garlic Marinara Sauce
26,ebe921ba,INV9289,2015-04-22,2840864,121.41,Classic Spam
26,c8079abf,INV8973,2022-02-12,212316,851.86,Artichoke & Jalapeno Dip
26,cc85619b,INV9601,2022-12-27,726690,401.13,Spicy Salmon Avocado Roll
26,c40c1c22,INV9836,2015-01-25,2174076,77.62,Orange Grapefruit Lemon Cold Pressed Juice Beverage
26,5b5221ce,INV4936,2017-09-20,1721625,563.37,"True Love Magickal Mineral Bath Salts With Natural Sea Salts Chocolate,Cardamom & Rose"
26,729c7e68,INV3494,2019-07-20,2438308,262.95,VILLAGE HRTH 15OZ 8CT SESAME BUNS
26,a26604df,INV4718,2023-03-10,2925142,53.64,Juicy Green Apple Shampoo
26,12381591,INV6253,2016-09-17,1840605,197.14,Tumeric Golden Milk Elixir
26,131bc7b8,INV1938,2022-01-17,3073305,457.9,Dark Chocolate Yogurt Raisins
26,3df76833,INV3131,2023-02-18,1460338,168.64,Dark Maya Gold with 60% Cacao Content Organic Chocolate
26,90e54f58,INV5169,2017-01-14,560346,568.81,Plastic Frame Grater
26,6b3f2917,INV9990,2016-01-25,1416562,537.07,Organic Light in Sodium Low-Fat Minestrone Soup
27,7add7733,INV7621,2020-12-20,318709,994.14,Great Lash Big Mascara -  Brownish Black 132
27,52b9144b,INV7152,2022-04-01,2257577,493.96,Vanilla Coke
27,c7d90f2a,INV4123,2017-09-17,541051,393.73,Hot & Spicy Veggie Sausage Patties
27,3cc1cbf5,INV3561,2020-01-15,1921925,888.2,Organic Lady Alice Apples
27,6d37b4b3,INV2177,2020-03-22,1128084,248.63,"1,000 mg Vitamin C Effervescent Powder Drink Cranberry Each Pak single"
27,1e233a9d,INV6711,2018-04-22,2611535,80.45,Fresh Sliced Mozzarella
27,8a004311,INV3202,2016-09-10,3287428,962.24,Classic Potato Chips
27,aaaa28cc,INV9171,2016-10-11,2146047,307.35,Nonfat Yogurt
27,b650a5e5,INV3134,2016-09-16,3156860,307.81,Single Grain Oatmeal Cereal
27,daff2f08,INV4987,2015-06-15,114870,178.07,Crab Delights Imitation Flake Style Crab Meat
27,282795a2,INV2073,2015-06-09,3277484,723.45,Beef Chile Colorado
27,4841a009,INV7116,2017-09-21,382958,918.98,Caffeine Free Diet Cola All Natural Soda
27,150f2c23,INV2755,2020-02-11,2283730,3.7,Organic Green Thai Curry
27,8378c26f,INV5527,2017-02-11,894616,595.7,"Gourmet Red Velvet Cupcakes, Real Cream Cheese Filled"
27,a7d71fc8,INV7870,2017-09-22,2046174,219.51,Lemongrass Oil
27,4f201ec5,INV7964,2022-09-04,6575,971.94,Sd All Purpose Scouring Pad
27,8d731cab,INV7610,2020-09-10,483132,731.61,Relight Candles
27,3b99814f,INV5462,2022-08-03,25282,605.5,Into the Night Incense Stick of Auroville
28,49d9b7af,INV4254,2021-06-11,472354,452.3,Spearmint
28,3972400e,INV9125,2022-03-15,2321216,727.33,Syrup Special Dark
28,4c33926e,INV2498,2015-05-24,2190449,772.77,Town House Sea Salt & Olive Oil Flatbread Crisps
28,ca349648,INV2459,2022-07-10,2088796,852.76,Mandarin Box
28,1823a650,INV4043,2019-09-16,1318371,109.32,Extra Maxi Regular with Wings Pads
29,c9e20e5e,INV8353,2022-06-21,2831799,374.0,Organic and Alive Sesame Tahini
29,c9dfb579,INV5172,2015-06-12,429852,424.98,"Juice Drink, Pomegranate & Blueberry Plus"
29,e088be94,INV1190,2019-07-17,2934557,47.64,Chai Rooibos Herbal Tea Bags
29,78f923a8,INV6460,2019-06-10,2823674,657.25,Mozzarella Organic Finely Shredded Low Moisture Part Skim
29,ca4ec572,INV9406,2020-07-23,457400,146.72,Honey Lemon Ginseng Green Tea Bags
29,f96095c1,INV8359,2019-03-05,2253713,809.93,Organic Turmeric Tonic Juice
29,91fde6ed,INV4496,2015-01-19,2888172,44.6,Castelvetrano Olives
29,c820c7e3,INV4274,2015-10-11,356454,74.02,Simply Sea Salted Thick Cut Potato Chips
29,70de79da,INV3472,2018-11-03,3020961,218.72,Cracked & Ready Liquid Egg Product
29,f9246568,INV3882,2022-11-03,946520,574.53,"Baking Cups, Nonstick, Mini"
29,7ca6e1f4,INV8378,2023-11-04,1900445,623.78,Chicken & Cilantro Mini  Wontons
29,0d879e04,INV1771,2020-06-28,2872589,963.55,Ultra Fusion Clean Lime Dish Detergent
29,86228cb5,INV6523,2021-07-26,832152,917.2,Nutri-Grain Crunch Strawberry Parfait Breakfast Bars
29,e932d0c1,INV3886,2021-11-08,234709,539.38,Dark Chocolate Sea Salt 5 Packets
29,b6ad7f0d,INV8987,2023-12-02,1328316,743.09,Organic Sea Salted Raw Sauerkraut
30,ab213354,INV7196,2021-05-25,3237184,454.31,Baked Cheese Puffs Real Cheddar Lunch Packs
30,d9b8b2f9,INV4073,2022-05-17,1447258,763.84,Unsweetened Mint Lemon Mate
30,77588f18,INV9393,2021-11-19,1070468,636.29,Chilli Beans In Sauce
30,2a304194,INV8672,2017-05-20,21924,6.64,"Freshly made pasta layered with seasoned meat sauce, tomato sauce and Real low-fat Ricotta cheese Lasagna Italiano"
30,b5ba7091,INV9883,2020-06-06,43481,269.83,Recovery Accelerator Tropical
30,b275ba3a,INV2376,2020-12-06,1636841,565.68,"Body Wash, Aloe Vera, Velvet Moisture"
30,957a2e79,INV4550,2020-10-22,2134815,172.01,WetJet Wood Floor Cleaner Refill Blossom Breeze
30,0b059a75,INV3558,2017-05-21,223651,870.47,Canker Sore Gel
30,f1fe456d,INV8943,2015-12-25,2708278,459.78,Peppermint Foot Lotion
30,dd8170b4,INV1250,2016-11-26,2837632,56.95,Breakfast Burrito With Potatoes Jack & Cheddar Cheese & Meatless Chorizo
30,ef63b3ee,INV5623,2016-12-02,1518272,617.57,Tea Tree Oil Dental Floss
30,d9c965e2,INV8282,2017-12-04,350952,65.41,Citrus Microscrubber Wipes
30,bde025e7,INV1272,2015-09-02,2974631,381.86,Sugar Free Syrup
30,b14c69dc,INV4288,2018-08-15,1092154,358.07,Organic Blueberry Lowfat Yogurt
30,0f301b54,INV3302,2015-06-05,3092187,709.27,Raw Protein Packet Original
30,ee16c69d,INV5540,2019-10-22,821212,59.42,Olive Oil Rosemary Kettle Chips
30,173f9042,INV4012,2018-04-14,2468552,131.05,Basic Dust Clean Living 300 Filtration Level Filter 16 x 20 x 1
31,3febce74,INV5715,2015-12-08,2314753,511.31,"Organic Tempeh, Garden Veggie"
31,547053df,INV4061,2016-04-26,1056604,592.22,Egg White Chips Aged White Cheddar
31,c1cafcaf,INV4322,2022-11-16,2303297,314.06,Habanero Fire Roasted Salsa
31,71aed661,INV8254,2021-03-04,1653727,808.07,"Probiotic & Prebiotic Supplement, SPA Melon Cucumber"
31,083f1189,INV4715,2020-05-08,2119480,645.56,Organic Uncooked Flour Tortillas
31,38adfe72,INV6098,2021-04-24,1183450,50.28,Fit Kitchen Bourbon Steak
31,12ffa0ad,INV4357,2018-12-05,2204575,916.0,Seasoned Premium Vegetable Base Bouillon
31,b72ed2a6,INV3497,2022-08-19,77513,936.97,"Olive Oil, Kritsa Extra Virgin"
31,7dff9034,INV3990,2020-12-19,352648,435.37,Ready to Bake Pumpkin Cookies
31,904b24f1,INV6059,2022-08-09,1350935,780.98,Plain Hemp Yogurt
31,ca769a71,INV2496,2023-07-19,485708,675.58,Organic LactoRelief Iron Fortified Toddler Formula
31,6b6b2612,INV6112,2023-07-22,1833003,355.76,Unsalted Cultured Butter
31,3e45efd4,INV2666,2018-09-24,3101972,745.48,Grain Free Minced Chicken Dinner Canned Cat Food
31,343a71ae,INV8178,2016-10-03,499206,157.52,Lean Protein & Fiber Bar Honey Drizzle Peanut
31,c21214bf,INV7544,2018-10-22,702129,265.63,Maryland Style Crab Cakes
32,5c4ba454,INV5324,2015-09-07,906012,510.36,Flatbread Pockets Whole Wheat
32,eb6d27c1,INV2155,2020-09-10,2827233,605.38,Professional Dual Clean Electic Toothbrush Refill Heads
32,8a1cb8d6,INV3186,2018-03-28,1786546,152.81,Spring Water Body Wash
32,d8d4a04b,INV7614,2017-08-14,1492117,332.42,Moroccan Lamb Stew with Couscous
32,55d575ac,INV4782,2023-09-26,2289627,392.43,Scented Multi-Cat Scoopable Cat Litter
32,edd9ac11,INV6455,2016-06-12,929783,210.12,Ho Hos Cakes
32,4c1f695f,INV1003,2020-12-26,2789152,593.49,Alkaline C Batteries
32,7849c6cc,INV3397,2019-04-20,1645330,867.91,Omega Moisture Foaming Antibacterial Hand Wash
33,66a45f33,INV9234,2017-02-17,1671116,370.66,Oven Fresh Cherry Pie
33,d466f1d3,INV1358,2021-12-11,2985841,833.62,Quality Kraut
33,c8074bd4,INV4422,2023-09-18,1917152,667.01,Original Pork Sausage
33,0a4c186a,INV4139,2022-04-28,1287038,681.04,Organics Chocolate Icing Mix
33,7db843e2,INV6138,2017-05-01,3273931,952.44,Sweet Vidalia Onion Barbecue Sauce
33,47dea36c,INV1304,2019-07-10,1042625,81.79,Organic Tom Yum Soup Starter Soup Base
33,d16daf9d,INV1664,2017-03-12,1541508,653.72,Romano Cheese Wedge
34,568f90eb,INV1447,2015-09-14,31787,924.79,Baked Cooked Ham
34,be73124a,INV4880,2016-05-18,2542770,831.06,"Gelato Dessert, Ciaculli Tangerine"
34,1d517233,INV6569,2022-09-17,2457599,936.55,Micellar Makeup Remover Wipes
34,380357bf,INV5860,2018-03-26,307667,459.72,"Chianti Classico, 2006"
34,3737049e,INV3184,2020-11-06,990163,596.82,Lavender Lullaby Soap
34,2ee2db60,INV8569,2016-06-05,1591237,226.85,Women Over 55 Multivitamin
34,85f9bd43,INV8558,2017-10-02,1985437,350.74,Semi-Sweet Morsels
34,df09d091,INV3409,2023-09-14,2504691,476.37,Single-Use Super Glue - 4 CT
34,d6cff5a7,INV6236,2015-08-26,1221999,531.75,Pecan Swirls
34,e9fb2457,INV7621,2018-10-25,142863,521.07,"Pro-Health Pulsar Battery Operated Toothbrush, Medium"
34,5d00c606,INV3645,2016-04-17,1731351,397.26,Dark Chocolate Blueberry Quinoa
34,f3e57815,INV1510,2023-12-10,2668414,592.71,Strawberry Shot Bloks Energy Chews
34,3c162a65,INV9304,2022-02-08,11601,778.96,Bologna Style Veggie Protein Slices
34,f46c7440,INV7988,2020-08-25,2174617,523.78,Kiwi 2 Lbs
34,a51d19d9,INV7415,2018-04-28,2286865,668.38,Rich & Creamy Plain Yogurt
35,954787d3,INV1095,2023-04-05,1832845,525.13,Whole Wheat Bunnies Baked Snack Crackers
35,8e9c29e3,INV9227,2015-04-04,1768463,359.88,Squared Plastic Bowl 20 Ounce
35,b994badf,INV6502,2017-07-06,553723,452.6,Dark Chocolate 72% Cacao
35,b9883216,INV1324,2020-11-02,635455,226.54,Yellow Enriched & Degermed Corn Meal
35,ad8b5fe6,INV7315,2019-11-16,3340015,588.03,with Bleach Disinfectant Cleanser Scratch Free Lavender Fresh
35,19f13b98,INV5830,2020-01-05,82255,939.91,MarroBone Real Beef Flavor Dog Care & Treats
35,259324d0,INV1475,2015-12-24,2642799,550.24,Multiple Cat Clumping Formula Cat Litter
35,cccc1b52,INV1782,2021-09-07,2045336,491.29,Pain Relieving Cream Ultra Strength Non-Greasy Posted 7/1/2013 Rubs and Patches
36,ffc8e446,INV1401,2022-01-03,2727220,252.13,Less Sodium Soy Sauce Dispenser Bottle
36,11bad63b,INV7526,2020-11-23,3182160,461.35,Stress Relief Lavender Body Wash
36,327ce48d,INV5468,2018-07-10,1068184,12.5,Butter with Olive Oil & Sea Salt
36,d744c9ce,INV4745,2015-11-20,1628603,512.84,Non-Stick Cooking Spray Purely Olive Oil
36,b20bfe2a,INV7464,2017-06-01,2083825,346.56,Fruit Me Up!  Applesauce Pouches
36,fca445d0,INV8170,2016-12-27,2060429,85.06,Spicy Guacamole Mix
36,c164649e,INV5877,2016-03-18,1614505,986.09,Original Orange Juice
36,cea317ef,INV2432,2023-02-04,2211235,538.5,1 Ply Paper Towels
36,18a3b73e,INV8353,2022-01-22,2031705,300.72,Single Malt Scotch Whiskey
36,4335fb8b,INV9833,2020-03-16,2239822,71.4,San Francisco Potato Salad
36,ad29ee28,INV3500,2020-10-22,966497,332.93,Hot & Sour  Chinese Style Egg Flower Soup Mix
36,2950f2c2,INV5512,2020-11-22,381121,351.35,Organic Large Brown Eggs
36,c0f776f8,INV7692,2023-07-09,1873927,786.19,Ultra Thin Crust Sausage Italia Pizza
36,e8abf123,INV6499,2018-11-28,2396831,435.92,Tamal Instant Corn Masa Mix
36,750e354e,INV1829,2022-10-24,1047557,620.9,Sun Dried Tomatoes Julienne Cut With Herbs
36,e6ff1c17,INV5952,2020-03-13,3034921,729.52,Original No. 7 Recipe Barbecue Sauce
36,925f77eb,INV5671,2018-04-01,1836003,490.87,Active Dry Yeast
37,d8a480f6,INV5163,2022-01-13,2152087,604.34,Niblets Corn & Butter Sauce Steamers
37,eb50781c,INV1068,2022-03-25,2352235,787.11,Panama Extra Dark Chocolate
37,941e4261,INV9255,2022-10-09,280385,889.34,Chunky Garlic Stir-In Paste
37,7f74ac92,INV3093,2016-11-08,1093112,747.04,Whole Brie Cheese
37,5ebf3074,INV5785,2020-11-19,857785,655.5,Early To Bed Shower Gel
37,4176fcec,INV8517,2021-01-16,284430,355.79,Sun-Dried Tomato Garlic
37,22fd0d2b,INV1235,2020-02-15,1962751,103.45,Pineapple Juice
37,18a5f000,INV3477,2023-09-12,2775621,885.39,Prime Grade Jasmine Rice
37,b0d750c1,INV9332,2020-06-12,3200070,13.58,Pro-Health For Me Cross Action Toothbrush
37,e7e31bf4,INV6230,2015-12-17,2710301,817.17,Chia Bars Banana Nut
37,12d046e1,INV2708,2022-04-05,316892,893.6,Tasty Chicken Flavor Treats for Cat
37,b1913ea2,INV8342,2021-09-16,2870419,63.71,100% Strawberry Fruit Strip
37,1da03167,INV8637,2015-06-21,3073070,975.32,"Yams, Cut Sweet Potatoes in Syrup"
37,370a116f,INV5367,2021-03-26,244038,199.36,Blueberry
37,60f00697,INV6480,2016-11-20,3019145,738.85,Sea Salt Made With Organic Grain Rice Chips
37,ebd64149,INV4744,2015-07-06,3047712,149.0,Match Light Charcoal
37,5179b2ff,INV5730,2015-09-22,2174346,247.73,Kitchen Sliced Green Beans
37,37597c00,INV5432,2019-02-26,74232,500.73,Small Sicilian Flatbread
37,a046e315,INV1661,2018-09-01,2513910,623.25,Roasted Unsalted Almonds
38,f49b6151,INV5577,2016-05-20,1753982,156.44,Devils Food Cake Mix
38,735dbc9a,INV5627,2015-06-02,2567064,431.8,Wild Rose Deodorant Spray
38,2e6305ac,INV1746,2021-11-08,1910914,74.48,With Raspberry Lemonade
38,c223d292,INV1486,2021-02-06,3364374,293.43,Organic Gooseberry Yogurt
39,0f5e5aad,INV6270,2019-01-13,947968,763.52,Nutramigen with Enflora LGG Powder
39,9b9547b6,INV5686,2018-11-02,2943706,553.86,Rich & Creamy Plain Yogurt
39,725372af,INV9327,2022-01-03,550721,206.18,Goo Berry Pie Probugs Kefir
39,8918add1,INV3403,2017-10-01,654106,549.72,"Body Wash, Creamy, Wild Rose"
39,475cbd69,INV2962,2021-11-17,2829681,36.99,Cherry Turnovers
39,cb723b9a,INV1539,2022-11-22,2616217,524.54,Fragrance Free Moisturizing Bar
39,bb982a03,INV8977,2022-07-20,2884690,943.63,Beautiful Earth Long Lasting Women's Deodorant
39,b23c78f4,INV1164,2018-03-11,1247356,646.85,Medium Cookie Sheet
39,75c4e8ca,INV5367,2023-05-02,2317398,966.87,Organic White Basmati Rice
40,deb23e56,INV7453,2018-09-19,521157,912.37,Sweet Heat Barbecue Sauce
40,2c2ee304,INV6138,2020-05-26,553740,169.51,Advantage 3-In-1 Exfoliating Cleanser
40,d36988fb,INV2272,2015-07-07,1806285,773.23,Pearl Active Duopack Tampons
40,ca97a504,INV4655,2021-09-26,3403614,146.9,Passion Fruit Syrup
41,9abbd77f,INV5334,2022-09-11,1870577,986.29,2-Ply Bath Tissue
41,d8457514,INV6429,2020-01-09,1539466,353.45,Craisins Dried Cranberries Cherry Juice Infused
41,32411769,INV6143,2020-08-15,2922140,932.53,Alfabeto Alphabet Enriched Egg Pasta
41,35603b76,INV3632,2016-08-26,2128962,441.82,Organic Creamy Deluxe Macaroni Dinner Rotini & White Cheddar Sauce
41,56346775,INV5667,2021-10-20,2374404,135.79,Imperial  Victory at Sea Porter
41,ecdd2a3a,INV4241,2017-11-25,2947888,641.37,5 Cheese Pita Crisps
41,975667e1,INV6381,2018-12-26,3414946,894.31,Heart Healthy Italian Style White Bean & Chicken Sausage
41,39a63250,INV8029,2019-05-09,625209,876.65,Butter Cookies
41,4c7c524e,INV4873,2020-07-28,1514610,971.17,Pina Colada Yogurt Smoothie
42,c9cf6c1e,INV4285,2019-01-27,2571735,846.78,2% Reduced Fat Chocolate Milk
42,48681e26,INV6598,2018-02-04,3196829,687.67,Instant Sea Vegetable Wakame
42,10c7816e,INV4343,2023-08-13,2485695,797.86,Orzo Pasta
42,a5158bec,INV1283,2016-03-20,3163216,538.06,Organic Whole Granulation Roasted Buckwheat Groats
43,dd0d713e,INV4625,2022-03-21,3292759,825.26,Organic Sweet Potato And Buckwheat Noodles
43,f36ce9e1,INV1609,2022-12-17,55951,791.35,Blue Sparkle Fabric Softener Dryer Sheets
43,eab184cf,INV6623,2022-10-23,1850332,850.15,Turkey Gravy Mix
43,c8c405ca,INV2839,2022-12-16,1168613,641.8,Premium Ice
43,6fbb689a,INV3193,2017-06-03,2056250,136.93,Organic Cream on Top Peach Yogurt
43,02611d72,INV2338,2022-05-18,2501546,367.85,"Oikos Yogurt Drink, Vanilla"
43,60299e2e,INV5733,2023-03-11,3320093,611.09,Lavender Fields Incense Sticks
43,b3e2c1ff,INV5055,2017-10-14,3212750,914.35,Garden Strawberry Fruit Spread
43,2822589c,INV2823,2016-04-27,492719,893.91,"Four Cheese Cannelloni with ricotta, mozzarella, Parmesan & Romano cheese. Four Cheese Cannelloni"
43,ce9e032d,INV3541,2015-07-08,2223662,449.37,Macaroni Salad
43,48ba6842,INV4475,2015-05-20,202486,622.75,Anaheim Peppers
43,53b6d0d5,INV6962,2018-11-04,1816474,27.85,Pre Workout Energizer Lemon Lime Powdered Dietary Supplement
43,00080241,INV5723,2015-09-07,3172902,330.04,Bartlett in Heavy Syrup Pear Halves
43,c36adf75,INV7633,2015-04-05,2642431,826.58,Herbal Breath Tonic Spray
43,7bfc6491,INV5145,2019-08-26,2274848,331.91,Berry Almond Milk Juice Smoothie
43,6ff957da,INV6347,2015-04-12,2199905,761.67,Zingz Queso Fundido Baked Snack Crackers
44,4e33dc14,INV8940,2021-11-07,2801252,620.42,Adult Maximum Strength Severe CF Nighttime Max Liquid Multi-Symptom Cough Cold & Flu Relief
44,d8d798a0,INV2134,2023-05-21,1683576,433.73,Fancy Shredded Cheese
44,115da3d2,INV9105,2019-12-01,1905246,435.94,Red Grape 100% Juice
44,b1a31668,INV2289,2019-08-19,2842745,733.13,Cold Water Lobster Tail
44,e04e6eec,INV5233,2017-05-03,2514924,589.03,Polish Sausage
44,034c953f,INV7938,2017-02-19,2064592,185.95,Ultimate Clear Anti-Blemish Pads
44,f2b7f4cb,INV6956,2020-04-24,92467,35.09,Soap Bar Ocean Mist
45,b21313eb,INV7544,2016-10-07,3150530,931.45,Arnicare Pain Relief Arnica Gel
45,29e5cb61,INV4473,2016-12-07,789750,557.28,Ultra Strong Bath Tissue
45,ce4fb52a,INV6276,2015-05-14,2471698,94.38,Light Southwestern Style Vegetable Soup
45,828d1a27,INV3295,2023-03-02,2780716,563.39,Original Party Mix Catt Treats
45,6f4ee8ec,INV9108,2022-05-07,2136237,816.88,Fiber Whole Grain Crispbread
45,848ecd16,INV8698,2021-01-02,389892,717.1,Dried Morel Mushrooms
45,9ce50c1b,INV6271,2019-10-02,1320408,470.74,Cherry Flavored Allergy Medicine
45,61b0bd73,INV5892,2021-05-12,2186082,730.83,Pink Lemonade Vitamin C 1000mg Drink Mix Dietary Supplement
45,f01ecce1,INV8832,2017-08-22,1831311,528.96,Green Apple Chips
45,7965ab01,INV6765,2021-11-16,2766603,531.57,All Natural Gluten Free Dijon Mustard
45,1eeee26f,INV1495,2019-10-06,452589,284.12,Sleep & Relax Tea
45,aa8e69f8,INV8499,2019-05-18,520752,837.98,"Cutlery, Plastic, Heavyweight, Clear Assorted"
45,60a6577f,INV6838,2017-04-07,1045047,795.67,Organic No Salt Added Diced Tomatoes
45,510988de,INV4796,2017-01-16,2825779,583.46,Organic Wild Berry Fruit Snacks
45,d66d76fb,INV5396,2021-08-10,532704,495.25,Sea Salt & Cracked Pepper Deli Style pretzel Crisps
45,e1102438,INV9121,2023-10-14,1016186,416.28,All Natural Free Range Chicken Cat Treats
45,c46a2637,INV6223,2023-06-04,9223,523.79,Sensitive Eye Cream
45,49bd84b0,INV1690,2018-10-14,1664397,519.48,Sliced Monterey Jack Cheese
45,cd246fa6,INV7491,2015-10-18,2402785,935.27,Superfino Arborio Rice
46,f45002bc,INV1655,2016-01-21,927168,806.71,Organic Tomato & Basil Pasta Sauce
46,e7278d8b,INV3327,2020-04-18,1309727,450.07,Orange Edition
46,c162cf26,INV7385,2022-12-28,1543678,17.95,Whole Grain White Hamburger Buns
46,8595531f,INV5844,2017-12-25,1103305,571.78,Fruit Vegetable Variety Bar
46,b2eab779,INV8787,2017-01-01,397878,732.42,Dates Pitted
47,59ff5041,INV5913,2023-07-17,1739894,247.58,100& Whole Grain Ranch Crackers
47,f6f46eb1,INV8760,2015-08-25,1742496,125.93,Snickerdoodle Low Fat Ice Cream Sandwiches
47,03f501bc,INV3513,2019-04-15,1626149,196.92,Endless Kiss Body Wash
47,0ac64531,INV7229,2016-10-26,2640443,741.0,Country White Bread
47,40c6b2bb,INV6118,2019-04-17,1385355,552.87,Sun Cups Milk Chocolate
47,c4d08f87,INV8617,2015-06-27,1976873,861.62,Mache Rosettes French Salad Mix
47,dcbc656a,INV3777,2019-09-13,1702803,553.74,Bag of Dutch Yellow Fingerling Potatoes
47,bbf452b7,INV4308,2021-06-10,3379825,308.97,Vegetable Tray With Low Fat Dressing
47,b0601027,INV3688,2020-01-08,1484919,523.33,Organic Mlk Chocolate Bar
47,b56e0b96,INV3548,2021-09-25,1537780,254.16,Baby Food Pouch - Zucchini & Spinach with Pasta Marinara
47,7b5f7fbf,INV8809,2017-09-10,1662041,339.46,Gentle Iron 25 mg
47,5f6de289,INV9474,2020-07-24,854160,298.8,"Cinnamon, Indonesian, Sticks, Whole"
47,c8b9daa8,INV2591,2015-12-03,554782,307.77,Organic Apricot Fruit Spread
47,99537fee,INV1388,2015-10-13,316632,831.89,Ham & Swiss Sandwich
47,48457d25,INV5321,2018-12-26,3069108,52.61,America Cheese Slices 24 Count
47,b0ab7a9c,INV6406,2016-07-08,2734476,819.85,Advanced Probiotic 10 Dietary Supplement Capsules
47,858000e9,INV1884,2015-07-08,2170944,223.73,Gold Nutrition Energy Bar Caramel Nut Blast
47,bc5e3ee8,INV1746,2022-02-26,1493446,66.55,Whole Grain Cornbread and Muffin Mix
48,2e2e3824,INV8020,2016-04-15,2399084,174.8,Man Care Beard Oil
48,c0c46149,INV4153,2021-11-13,705546,29.87,"Elastic Bandage, Self-Adhering, 4 Inch Width"
48,25fb4723,INV7788,2020-01-25,2349938,113.61,Thousand Island Salad Dressing & Dip
48,fc376e9d,INV5940,2016-04-20,1995873,89.12,Sensitive Skin Unscented Hypo-Allergenic Beauty Bar
48,5ecd2381,INV7935,2017-02-11,990165,780.89,Clump & Seal MicroGuard Cat Litter
48,237809c1,INV6572,2022-02-26,2349991,147.88,Spice Island Whole Bean Coffee
48,05d81a1e,INV7582,2023-08-05,1181163,689.91,Original Potato Chips Twin Pack
48,ed1c5893,INV7254,2016-10-05,3279459,416.37,Authentic Margaritas Classic Lime
48,b0361f8c,INV2036,2022-12-02,220311,471.29,Neem Oil
48,37760072,INV3017,2018-04-10,1527518,82.23,California Sparkling Wine
48,37685483,INV7082,2018-10-25,1414559,533.4,Waffle Fries French Fried Potatoes
48,d38a547d,INV3489,2021-09-07,2636070,615.93,All Natural Dill Weed
48,a7cc84b5,INV8077,2017-01-23,1446198,274.09,Men Dry Protection Cool Rush Antiperspirant & Deodorant
48,a77733f1,INV5919,2021-01-18,1499423,757.45,Natural Choice Uncured Hard Salami Gluten Free
48,591cb60b,INV1424,2016-05-01,2786330,559.46,Single Cup Pour-Over Brewer Black Coffee Maker
48,d9f543d3,INV9744,2018-03-20,1585044,274.84,Teenage Mutant Ninja Turtles Brand Adhesive Bandages
49,57e1f86c,INV3986,2016-04-12,1067589,589.17,Organic Sparkling Cucumber Lemon Coconut Water
49,13ea532e,INV2439,2018-07-22,1710934,578.22,Max Hold Unscented Non Aerosol Hairspray
49,8aaaadf0,INV7298,2017-02-19,2450824,923.07,Unpeeled Halves in Heavy Syrup Apricots
49,92eb6375,INV6395,2018-04-26,553246,351.07,Deli Fresh Mesquite Smoked Turkey Breast Family Size
49,236081ea,INV7997,2016-06-01,1857071,788.29,Cream of Celery Condensed Soup
49,3aa0b53c,INV3452,2022-03-11,887628,213.05,Broccoli with Almond Soup
49,ab5da2a0,INV3747,2023-03-09,2768491,519.13,White & Dark in Roasting Pan Turkey & Gravy (2115)
49,ec39ab7a,INV6934,2017-09-20,833787,894.87,Orange Air Neutralizer
49,bfe49400,INV6852,2022-08-10,2682618,612.75,"Burgers, Chile Relleno"
49,d60e8f52,INV2116,2020-09-10,2870945,77.34,Coho Salmon Fillet
49,c1f0f803,INV2927,2021-10-09,172274,510.11,Boo Chips
49,1303b0c8,INV5639,2023-04-23,1477516,803.87,Chiocciole Pasta
49,2027f371,INV8624,2015-09-08,599668,901.25,100% Natural No Salt Added Tomato Sauce
50,62f9c540,INV1226,2020-12-03,2422877,445.06,Vinter's Collection Chardonnay
50,af2b58f8,INV9477,2018-11-18,1521560,763.11,Combo Pack Pepper Jack/Sharp Cheddar Cheese Slices
50,3a5b3455,INV1356,2018-11-06,421368,314.73,Cheesy Mexican Rice
50,7b4355f3,INV9383,2017-11-27,99236,605.99,Lip Rescue with Shea Butter
50,a05c3d05,INV6994,2016-02-27,2920354,815.02,Soothing 84% Aloe Vera Hand & Body Lotion
50,75defff3,INV9738,2021-07-02,1086459,845.99,Classic Clean Original Deep Cleansing Cream
50,6a7457e3,INV4940,2021-06-03,890317,338.08,Expert Care Neosure Infant Formula Powder
50,41662361,INV7191,2017-08-15,510069,937.39,Kids Anticavity Fluoride Rinse Bubble Gum Blow Out
50,62c829f4,INV1576,2019-11-18,1513642,978.14,Udon Wheat Pasta
50,a57dd18b,INV8209,2015-06-19,1268956,773.97,"Plugins Scented Oil Refills, Clean Linen & Sunny Days"
50,acfd0eb4,INV7881,2021-03-15,2148636,914.04,Hot Long Chili Peppers
50,b2bd1eff,INV1059,2015-04-14,3078907,143.81,Jerky
50,2c1f913c,INV3824,2020-07-14,1854112,615.44,Bento Box
50,9607af55,INV6721,2022-04-18,738740,290.72,California Red Velvet Wine
50,80494948,INV1796,2015-05-16,3269871,160.65,Flour Burrito Tortillas
51,081c91d0,INV5200,2018-11-07,1218241,167.0,Cinnamon Sugar Mexican Style
51,e99d31e0,INV8069,2018-09-28,472709,216.75,Vegetarian Organic Pinto Beans
51,dcc88950,INV1818,2016-02-14,1368529,387.93,Sopressata
51,9abaaca9,INV5243,2022-11-19,2359074,605.84,Chef Salad
51,903d60c4,INV9601,2022-12-04,939830,314.19,Orange Recharge
51,d0e835b0,INV4061,2023-04-08,1084842,758.18,Havarti Cheese Slices
51,6934fae9,INV4274,2023-10-27,1733416,595.28,California Champagne Extra Dry
51,414086cd,INV7942,2016-07-01,2231732,114.36,Uncured Slow Cooked Ham
52,44ecd860,INV2037,2020-02-15,457139,64.22,Creamy Milk Chocolate Frosting
52,17411017,INV6329,2016-08-28,2242655,197.8,Baby Dry Pampers Baby Dry Diapers Size 5 78 Count Diapers
52,f1c5affd,INV7767,2017-08-12,2656480,908.47,Chocolate Chip Mini Cookies
53,85f6bc95,INV2650,2016-10-22,2588923,876.36,Advantage Strawberry Shakes
53,dfcea118,INV8923,2020-03-05,3262184,965.89,Pure Squeezed Calcium & Vitamin D No Pulp Orange Juice
53,b8431509,INV2886,2016-03-26,1214584,576.37,Chopped Tomatoes
53,5b4ecb0d,INV6910,2021-02-15,2282017,77.93,Glazed Original Walnuts
53,9304d317,INV6079,2018-10-09,3337835,788.13,Goober Grape Peanut Butter and Jelly Spread
54,1db35b2c,INV1145,2022-12-11,1879010,229.32,Hot & Cold Drinking Chocolate Crumbles
54,748f24f5,INV5073,2021-01-27,2498468,183.71,Artichoke Hearts Large Size
54,b54a933f,INV7211,2022-04-28,1885999,86.08,Natural Low Sodium Creamy Peanut Butter Spread
54,cb20145d,INV6866,2022-09-09,2301104,877.21,Garlic Spread
54,fbc9ec74,INV1963,2020-12-14,2186710,261.19,Cookie Sheets
54,8dd4a1af,INV9415,2019-07-01,3277066,251.33,Sugar Free Original Swiss Herb Throat Drops Cough Suppressant
54,b4cb34d3,INV4247,2022-12-27,2572567,488.92,Grapefruit Citrus Zing
54,8ac3a9c1,INV7564,2023-06-04,1558034,314.02,Cherry Strawberry
54,e529c99c,INV3424,2017-08-25,826982,274.64,Chocolate Covered Raisins
54,3c5bf186,INV6657,2023-06-13,3320623,384.39,Green Onions
55,0a31e3e6,INV2230,2018-02-25,1903094,80.58,Organic Chicken Tortilla Soup
55,84ba44c5,INV1952,2018-01-27,450551,983.19,Blueberry Scones
55,e8ad0927,INV1575,2022-12-06,1476734,447.51,Decaf Mahembe Coffee
55,61ba39f1,INV4132,2019-02-05,844801,627.92,Honest Toothpaste Fresh Mint
55,c8e2260a,INV4092,2023-08-06,945918,257.26,Mango Soft Serve Fruit Pops
56,36696859,INV2755,2015-01-14,871300,736.38,Mini Slant Pocket Tweezer
56,611ad928,INV5254,2022-07-21,3121664,594.33,Parmesan Cheese Wedge
56,6924dddb,INV5089,2019-01-16,2073442,320.98,Bone Up Superior Calcium Capsules
56,dc815449,INV5709,2016-12-13,2377675,741.19,Straight Cut Fries
56,8393d55f,INV2702,2019-07-10,2147348,485.38,Biscuits With Milk Cream
56,37c83270,INV3319,2015-04-03,2339939,305.3,Low-Moisture Part-Skim Mozzarella String Cheese Family Size
56,8eac4663,INV3504,2019-06-27,495288,887.72,Quinoa & Herb Crusted Pollock Fillets
56,682ffcb8,INV7341,2022-01-28,2464508,501.44,Organic Hojicha Green Tea
56,526ec2d1,INV4324,2018-05-19,2982035,87.15,Antibiotic Ointment Complete
56,629669bf,INV9989,2017-03-24,384702,545.25,Saffron Yellow Rice
56,a9d28923,INV2897,2022-04-15,1021603,745.17,"100% Fruit Bar, Blueberry Pomegranate"
56,38d6f7ce,INV1337,2020-08-14,2092695,970.13,Greek 100 Yogurt Banana Caramel
56,5250278d,INV5051,2017-06-17,3268211,402.04,Florentine Spinach and Cheese Pasta Sauce
56,5ddd9a69,INV7230,2016-08-21,993097,486.9,Healthy Skin & Hair Plus Nails Softgels
56,4d20ec61,INV7780,2023-01-14,2564255,630.28,Cherry Vanilla Kettle Cooked Apples Fruit Pouch
56,3a51c254,INV1238,2015-06-01,295434,255.94,Bite Size Candies Tropical
56,da8a8b3a,INV2727,2020-02-12,2707356,876.96,Mushroom Pasta Sauce
56,2248d9d4,INV8200,2019-03-19,2007967,136.27,1 Liter
56,e566fb74,INV1018,2015-05-26,2975322,246.59,Maple Sausage Links
57,cbde2e83,INV9255,2017-07-08,2376373,164.72,Organic Pizza Snack Mix Crackers
57,805dc13e,INV5666,2016-11-05,2911091,941.7,Original Herbamare Infused Sea Salt
57,1760b4c6,INV5257,2019-02-12,1906657,259.13,Cruisers Diapers - Size 6
57,68de7b6d,INV5313,2015-03-04,1473164,309.75,Milk Thistle Extract Herbal Supplement
57,69232a94,INV3974,2020-05-23,1800888,952.5,Authentic Danish Style Blue Cheese
57,d45ee2fd,INV4351,2019-12-21,1363165,687.4,San Francisco Giants Salted Roasted Peanuts in Shell
57,77e13331,INV2101,2019-11-27,2058696,171.84,Powder Laundry Detergent Free of Perfumes and Dyes
57,b6d95967,INV7475,2022-11-19,3281641,581.58,Calcium Pulp Free Orange Juice
58,0aa733ca,INV3285,2021-10-26,3229326,656.69,Pre Workout Energizer Lemon Lime Powdered Dietary Supplement
58,51157312,INV9118,2017-03-08,629354,481.93,Organic Southwestern-Style Black Bean Soup
58,d18d1645,INV6445,2016-12-13,3159881,306.63,Sweet Orange & Silk Protein Styling Gel
58,0ddb1229,INV3029,2016-04-24,1036238,873.23,Anaheim Pepper
58,4f54f6f2,INV3299,2017-02-23,2144671,612.66,Jammin' Salmon Rub Spice Blend
58,d65b8eba,INV4682,2023-05-27,2275154,86.62,Buffalo Style Hot Sauce
58,330548c4,INV7983,2023-10-08,1090399,399.97,Reduced Fat  Sharp Cheddar Cheese Product
58,1b9c7178,INV7042,2019-01-19,46590,378.92,Classic Roast
58,84260363,INV1070,2022-06-03,705038,200.18,Cream Cheese Whipped Frosting
59,0bfbddd5,INV1846,2020-12-22,3207465,195.08,Organic 18-in-1 Hemp Lavender Pure Castile Liquid Soap
59,91600b1a,INV5738,2015-06-24,1204327,841.96,Apple Cider Vinegar 500mg
59,9d1dfc85,INV8328,2020-12-23,2023798,590.63,Shells
59,dce8b739,INV5039,2017-04-19,2924310,759.43,Gluten Free & Non-Dairy Pancake And Waffle Mix
59,f5c89cc7,INV3271,2022-10-02,1196562,672.4,Red Onions
59,d633ee04,INV7245,2017-06-15,2621573,248.75,White Paper #2 Size Cone Coffee Filters
59,4c3c2662,INV6792,2020-05-26,2478866,167.4,Quinoa Cereal Honey Almond
59,5a8306fa,INV8842,2019-06-05,1429591,29.39,Frozen Greek Yogurt Bars Chocolate Chip
59,19a2812f,INV3702,2018-02-22,1255553,792.03,99% Fat Free Natural Goodness Chicken Broth
59,abd9ade1,INV4672,2016-03-06,2780617,394.38,Delight Sea Salt Popcorn
59,d3ed7317,INV8328,2018-01-23,1327904,225.42,Sliced Sharp Cheddar
59,ac21ff3e,INV2307,2017-10-12,2141060,370.71,Classic Potato Chips
60,bcf6b600,INV7503,2020-08-08,3090424,766.67,Turmeric
60,e6eee3e3,INV5813,2019-07-24,411544,388.33,Gluten Free Mushroom Risotto Bowl
60,da12fe10,INV6557,2016-11-16,3255436,9.19,Granola Bites Honey Almond
60,8c74c097,INV7981,2020-08-16,2713470,425.54,Superfood Bar Goji Acai Organic
60,016ebf12,INV9247,2018-10-05,1757454,602.77,Strawberry Flavored Syrup
60,7bfae3d9,INV6216,2019-08-03,1551493,99.33,Easy-Ups Diapers for Girls Jumbo Pack - Size 3T/4T
61,94f7538e,INV3759,2020-09-27,482189,324.69,Whole American Red Snapper
61,ea611054,INV1664,2016-01-09,2797824,101.61,Red Miso Soup
61,416489eb,INV5365,2021-03-11,243918,136.85,Hearty Bits Banana Apple Strawberry Multigrain Toddler Cereal
61,9881909c,INV3127,2015-04-01,2317100,6.98,Organic Large Extra Fancy Fuji Apple
61,02366f69,INV1989,2021-08-10,2039092,791.26,Fresh OXI Hand Wash Dish Soaps
61,f4a46e1f,INV3506,2019-03-01,518177,701.01,Roasted Gaaahlic Pasta Sauce
62,5ced81e8,INV8740,2019-04-01,2237274,594.14,"Snyders Naturals Garden Veggie Crisps 100 Calorie Snack Packs Potato, Tomato & Spinach"
62,d45bae37,INV4293,2016-11-21,1784582,244.72,Clay Dry White Pine Scented Solid Deodorant
62,763355be,INV6048,2018-11-15,2794986,415.65,Nourish & Volume Conditioner
62,74e6c246,INV2146,2021-08-22,2981332,641.73,Original Tofurky Deli Slices
62,452e9e2f,INV7201,2016-04-12,2348677,954.46,Original Diced Tomatoes & Green Chilies
62,f8162356,INV2115,2015-12-16,372886,351.93,Passion Fruit On The Bottom Greek Yogurt
62,a4afb1a3,INV3829,2019-10-01,469911,427.37,Cherubs Heavenly Salad Tomatoes
62,0072ccfa,INV2496,2022-01-10,261723,997.2,Skinnygirl Lime & Salt Popcorn
62,c29ecb92,INV4000,2019-05-25,3014499,969.74,Original Berry Flavor  Children's
62,6ad967a8,INV5501,2021-10-03,1789913,730.84,Spectacular Club Soda
62,0f610cd9,INV8804,2017-09-20,867156,115.09,Savory Blend Handmade Granola
62,ea1f58e1,INV2982,2016-01-04,672883,996.88,Espresso Chocolate
62,c45b9473,INV5761,2015-04-28,1723045,46.78,"Soda, Vanilla Bean"
62,1b766603,INV8598,2016-07-18,2507107,824.54,Total Advanced Pro-Shield Peppermint Mouthwash
62,147af208,INV6091,2019-01-08,1207107,580.76,Cherry Chocolate Chunk
62,7e5bdb81,INV9984,2020-09-02,3355092,635.52,Organic Red Lentil Mini Fettuccine
62,9a326044,INV6487,2019-06-24,2703182,843.2,"Kidney Beans, Dark, Premium"
62,2d514d58,INV5912,2016-09-03,2303103,429.95,Boneless Turkey Breast Roast
62,9df12b07,INV2824,2023-09-04,1759552,383.95,Kalamata Olive Tapenade
63,e3c455fd,INV4529,2020-03-02,387464,358.16,Vinyl Glove Powder Free
63,4c16e4dc,INV6529,2017-06-20,2706190,490.62,Original Classic Organic Rice Drink
63,a10cc139,INV6349,2016-03-11,2962677,699.95,Dry Arbol Peppers
63,eb37ddb6,INV3825,2022-08-20,1011731,323.14,Blackberry Flavored Ginger Ale
64,7f9d36ab,INV6264,2017-07-17,1564947,963.75,3 Toddler Next Step Natural Milk Flavor Milk Drink
64,8413921d,INV7559,2017-10-05,95599,904.51,Cherry Gelatin
64,6154dc73,INV7313,2020-02-01,2185071,779.3,Organic Protein Cocoa Coconut Bar
64,c6cc6967,INV5268,2023-12-06,2712117,195.82,Horseradish Sauce
64,3434a92a,INV3255,2015-06-03,401660,628.65,Honey Butter Corn Bread & Muffin Mix
64,d8ab2761,INV8820,2016-08-15,838852,201.94,Organic Khao Deng Ruby Red Rice
65,420cd9d9,INV6990,2021-12-26,1440357,992.16,Slow Cookers Beef Stroganoff Seasoning Mix
65,0ddc35c5,INV9623,2021-11-01,1978460,128.86,Toll House Peanut Butter & Milk Chocolate Morsels
65,43547226,INV4779,2020-09-01,3210057,219.22,Vanilla Gluten Free Wafers
65,7d03d32c,INV8089,2018-06-09,3079581,552.74,Sweet Mini Sub Rolls
65,2ea323e2,INV4033,2018-12-21,2030277,807.67,Slow Cooker Tavern-Style Pot Roast Sauce
65,d3326003,INV5259,2015-01-20,1777014,806.58,Lunchables Lunch Combinations Pepperoni & Mozzarella
65,b41174cb,INV5176,2020-01-27,169811,560.73,Organic Yellow Zucchini
65,1a170ccc,INV5499,2016-03-14,1530120,102.55,Organic Alfredo Risotto
65,f559607b,INV9775,2022-05-18,838600,553.27,Herb Cashew Reserve
66,7770edcb,INV9116,2018-05-20,3067303,142.73,Sprouted Spelt Flour
66,b3a4005b,INV2065,2015-07-12,1838988,292.41,Organic Large Brown Grade AA Cage Free Eggs
66,615197ba,INV4223,2022-09-19,1566555,203.77,Organic Sesame Seeds
66,7bf5d7fb,INV5424,2017-04-09,1440322,205.58,Organic Sour Pops Variety Pack Vitamin C Lollipops
66,dd07fecf,INV4548,2019-01-27,2931363,888.81,Organic Creamy Sweet Corn with Coconut Milk Soup
66,fc4a33a1,INV3573,2019-11-09,346018,580.95,Friskies Saucesations Turkey & Giblets Dinner in Homestyle Sauce
66,5f109427,INV9052,2019-07-09,283690,66.29,Meaty Bits Chicken Dinner in Gravy Cat Food
66,30bc113e,INV9456,2018-04-13,2414423,774.01,Sugar-Free Spearmint Gum
66,48efeba4,INV4307,2018-11-05,1606853,656.05,Ant Killer Liquid
66,e57b05fe,INV3747,2017-12-20,1235646,402.45,Super Lysine+ Dietary Supplement
66,e3c089fe,INV4052,2016-02-03,1375188,373.86,Stainless Steel Steamer Basket
66,5a425a98,INV4845,2017-12-24,3250845,805.68,Vanilla Espresso Almond Butter
66,8ace6c73,INV3170,2020-09-06,2627418,713.11,Tonics Cleansing Probiotic Tonic With Apple Cider Vinegar Cinnamon
66,9098514e,INV3653,2021-08-23,2189657,414.05,Simply Clean & Fresh HE Liquid Laundry Detergent Refreshing Breeze Scent
66,38820a2b,INV8241,2021-08-01,995331,570.64,"Just Carrot, Corn & Pumpkin Stage 2 Baby Food"
66,8c5f6101,INV5004,2021-07-05,912989,210.98,Five Cheese Garlic Bread
66,7b5e5313,INV6485,2016-03-01,3200332,781.64,Thick & Hearty Steak Sauce
66,8bcf4b49,INV4290,2015-11-19,2493823,98.49,Apple Pie Flavored English Muffins
66,d37045e2,INV6828,2017-03-12,1167375,935.75,Nutri-Grain Cherry Cereal Bars
66,4a24b8ce,INV8064,2021-08-25,2289233,345.31,Red Skin Potato Salad
67,0b0fe060,INV8078,2019-12-03,2230218,930.82,Gallon Storage Slider Bags
67,54485181,INV8514,2016-02-03,1399719,728.6,Pulsatilla 30 C Homeopathic Pellets
67,16ad6ce1,INV6167,2016-04-28,3226756,108.25,Organic Cinnamon Graham Crackers
67,fdca79be,INV4053,2021-01-15,1824071,139.16,Daily Replenishing Lotion
67,54715d66,INV4650,2023-02-26,1344383,184.51,Organic Dijon Mustard
67,8cb25679,INV8435,2016-06-18,2119481,891.21,Energy Pineapple Strawberry 1.62oz
68,7fcf5d93,INV2518,2018-12-12,3207148,552.8,Allergy And Congestion Relief Tablets
68,6668791a,INV4124,2018-12-21,1615543,756.98,"3.5\"" Aluminum Pan"
68,881dd627,INV5273,2017-08-11,2708840,737.65,Sal Suds
68,3e553b5b,INV1019,2022-01-17,699359,26.94,Miniature Peanut Butter Cups
68,d6b501a7,INV9817,2022-10-09,1876513,325.19,"Salad, 50/50 Mix"
68,fd93fa82,INV2202,2019-07-03,2906653,945.27,Curly Fettuccine with White Cheddar & Broccoli Sauce
68,6bfdfbd5,INV2035,2022-11-23,2490857,882.06,Asiago Beef With Penne
68,f308e73f,INV2043,2021-10-16,3083462,469.72,"Carrot, Apple & Mango Organic"
68,371e9326,INV6353,2019-06-19,173511,394.41,Sliced Sesame Bagels
68,bcc57377,INV9738,2020-11-11,1201677,619.81,"Tea, Breakfast, Decaffeinated"
68,ce57163c,INV9118,2021-04-23,2376984,414.79,Frijoles Con Chili Chili Beans
68,fdfcaf2f,INV5444,2020-06-28,2092011,493.62,Chocolate Chip Cookie Dough Ice Cream Sandwhich
68,3d392bb7,INV9615,2019-11-20,2476263,193.68,Organic Fancy Shredded Mozzarella Cheese
68,190de226,INV7626,2018-07-20,1962827,428.54,Sliced Van Gough Smoked Gouda Cheese
68,39bfca5b,INV8664,2019-03-14,1299890,173.91,Mane 'n Tail Original Conditioner
68,546f34e6,INV4043,2017-10-15,3353839,381.1,Baby Brussel Sprouts
68,e00ec84a,INV3013,2021-04-14,715844,13.15,Trumoo Choc Milk Hg
68,8f72da36,INV9578,2017-11-21,3191233,817.19,Sweet Cinnamon Spice Herbal Tea
68,1bc1dc8b,INV4815,2016-01-08,2965316,664.21,Full Flavor Molasses
68,4b92b914,INV2921,2019-05-28,2062287,228.98,Skin Care Tool
68,9dd72b33,INV8128,2020-01-17,3274346,759.38,Cinnamon Bun Frozen Desserts
69,4a0cb641,INV4734,2022-03-14,1668863,895.45,Hot Bean Dip with Jalapenos Peppers
69,ddb249b8,INV3352,2015-10-03,1482555,640.68,Original Dish Liquid
69,e78711d3,INV3896,2023-10-11,2487773,186.64,Extra Hold Aerosol Hairspray
69,a7a283d1,INV2214,2023-07-26,1124406,828.44,White Chocolate Peppermint Crisps
69,32d241ba,INV7595,2023-03-01,2923973,784.45,Orange Grape Tomato
69,3bf8d136,INV9924,2015-09-13,755827,49.88,Gotta Do Chocolate Ice Cream
69,a5282049,INV5324,2018-11-10,2712833,48.15,Extra Strength Feminine Deodorant Spray
69,184571d2,INV4377,2021-10-03,520883,646.83,Cosmic Maple Masala Pecans
69,4b61d98e,INV8876,2022-06-23,536214,686.28,Imported Classic Pure Mild Olive Oil
69,f7d5ad37,INV7930,2015-10-09,37169,417.16,Salt-Free Blend All Purpose Seasoning
69,25017d19,INV3167,2020-05-18,1334523,496.47,Denogginizer Imperial IPA
69,725f76b6,INV2836,2015-02-04,2374033,995.2,Chunky Salsa Medium
69,b5d64d8c,INV9125,2021-03-14,945983,67.76,Mexican Seasoning
69,24bb9007,INV7609,2018-06-09,1485845,971.45,Best Grains Honey & Crunch Oat Bread
69,229787d4,INV2473,2017-07-16,1037815,397.18,Mozzarella Traditional Cut Shredded Cheese
69,051cc789,INV4834,2018-09-04,1408039,304.97,Crispy Alaskan Cod Fillets
70,0a6e9712,INV5041,2023-09-27,1567792,401.78,Organic Vegetarian No-Chicken Low Sodium Broth
70,ce8b7cd5,INV6031,2018-08-09,846350,722.64,Seasonal Strawberry Lemonade
70,ff1d009b,INV5711,2017-09-20,2012129,103.28,Cantaloupes
70,d04b2c2e,INV8309,2019-10-12,1741023,149.98,Organic Dark Chocolate With Mint & Nibs 72% Cacao
70,400f04bf,INV1125,2016-01-13,3310073,508.9,Vitamin Code 50 & Wiser Women's Multivitamin
70,ff8213f0,INV3313,2017-08-03,755262,388.11,"Candy Coated Chocolate, S'mores"
70,e247feb8,INV6098,2015-04-28,1732282,960.93,Five Cheese Garlic Toast
70,f22bb4ef,INV3172,2023-01-19,3296199,659.01,Cappuccino Swirl Non Dairy Frozen Dessert
70,7ac82e6b,INV4417,2022-03-19,1415634,735.04,"Special K Crustless Quiche Sausage, Quinoa, Peppers, Mozzarella & Asiago"
70,8a76fd56,INV1394,2022-09-20,1582339,832.12,Unsweetened Chocolate Almond Breeze Almond Milk
70,4c1c15a4,INV6785,2023-06-07,948968,654.72,Zero Cake Batter
70,eef284c6,INV4424,2016-05-16,2058552,756.91,Vanilla Blueberry Granola Bar
70,975b1201,INV9548,2020-05-17,2380079,977.22,Frozen Cut Green Beans
70,35b9bb39,INV8061,2023-04-15,2885651,934.91,"Sunscreen, Sport Spray, SPF 40"
70,7a75a68d,INV9346,2022-05-18,882411,531.89,Classic Potato Pre-Sliced Hamburger Buns
70,78592776,INV6159,2020-07-16,2537183,230.4,"Raw Shea Butter Moisture Retention Shampoo with Sea Kelp & Argan Oil for Dry, Damaged Hair"
70,ad05e537,INV7846,2023-02-07,946454,333.13,Dry Valencia Orange Grown-Up Soda
71,1359e88d,INV4529,2015-10-20,923917,306.77,Viognier
71,6706fd5d,INV5446,2017-05-22,2878169,365.37,Cheese & Peanut Butter Sandwich Crackers
71,4a44eab2,INV1436,2018-04-11,3153031,37.15,Organic Hemp Plus Granola Cereal
71,d4fa29af,INV8726,2022-03-24,1088460,454.79,Crackleflame Firelogs
71,ef08c50e,INV1382,2020-03-02,2431135,805.79,Antibacterial Overnight Whitening Triple Mint Freshness Tablets
71,2857bdaf,INV8118,2021-03-05,3188199,827.96,Country Kitchen Tortilla Soup Mix
71,516c436f,INV1858,2023-10-22,2605673,233.25,Strawberry C Monster Smoothie Blend
71,419db65e,INV1765,2018-07-15,1834710,598.82,Minute Tapioca
71,2625db4b,INV7683,2015-12-18,3168628,998.25,Spicy Salsa
72,32dc571c,INV2604,2017-01-07,1043553,754.54,11 In Flour Burrito
72,c91072ec,INV9096,2016-09-24,1285343,879.12,The Ultimate Beefless Ground Gluten Free
72,74fd62f6,INV4144,2023-01-07,2893901,298.52,Amish Blue Cheese
72,180dd7ad,INV4577,2016-02-17,495193,686.87,Pork Gravy Mix
72,d5be9fd0,INV6134,2015-07-17,2555932,865.32,Yaki Nori Roasted Seaweed Sheets
72,d773f78e,INV9633,2016-12-27,335547,466.33,Rotisserie Seasoned Turkey Breast
72,2c49aee7,INV3850,2020-04-06,312586,958.28,Chipotle Sweet Potato Soup
72,99d9e0b2,INV5544,2020-07-02,808360,55.25,Decadent Carrot Cake Premium Cake Mix
72,0913d4f0,INV3027,2023-07-19,293792,108.85,Seafood Sensations Dry Cat Food
72,e3cc325f,INV5250,2018-06-09,2177160,717.56,Italian Herb Seasoning
72,115bca2d,INV3278,2015-12-26,350287,984.91,Gluten Free Tapioca Bread Loaf
72,fee57dc8,INV1261,2023-08-18,2394129,375.6,Organic Grade A Free Range Large Brown Eggs
72,50aed858,INV3086,2020-12-10,81964,485.97,Cerveza Especial Imported Beer From Mexico
72,2bb10d80,INV4537,2016-01-03,2171442,961.23,Ultra Sheer Sunblock SPF 30
72,1026a61b,INV7966,2015-02-06,2308652,994.21,Gluten Free Foods Granola
72,b21a9e95,INV6115,2015-03-05,216145,616.17,Zingz Chipotle Cheddar Baked Snack Crackers
72,0967267d,INV3183,2021-08-27,674803,81.65,"Smart Ones Egg, Sausage & Cheese Breakfast Wrap"
72,c4ea3566,INV7951,2015-09-26,1581336,992.42,Beef Strips Portabella Complete Meals
72,06f40560,INV4231,2019-01-16,2615150,503.55,Orange Carrot Turmeric Mango Super Juice
73,2e549d3b,INV4250,2017-04-01,2829465,52.64,Triple Action X Soft Toothbrush
73,9c1b3f32,INV5510,2015-04-05,410760,835.6,Refresh-Mint Chewing Gum
73,857809b8,INV2211,2020-09-03,215816,873.35,Kahuna Crunch Trail Mix
74,ac8bfd68,INV9699,2023-08-13,575528,161.55,Vegetable Classics Southwestern-Style Corn with Potatoes & Peppers Soup
74,2d622ebb,INV1530,2015-08-08,3017921,92.25,Gluten-Free Multi Seed Rice Bread
74,1f310f69,INV3145,2021-04-28,1349279,593.92,24 Wholegrain N Seeds Organic
74,2a750842,INV6195,2018-03-19,343546,545.7,Jonamac Apple
74,ee079b25,INV8283,2022-08-24,2434327,420.58,"Dishwasher Detergent, Lemon Scent with Clorox"
74,fa061e40,INV4094,2022-09-10,615650,702.12,"Extra Virgin Olive Oil, Robust"
74,b094ff07,INV9490,2021-08-01,287577,613.7,Geranium Daily Bar Soap
74,4086a276,INV4956,2017-11-17,3011679,412.56,100% Colombian Medium Roast K-Cup Packs Arabica Coffee
74,4d9288b3,INV8295,2019-12-18,231056,519.44,Horseradish Havarti Cheese
74,edd9b7ac,INV8459,2023-04-15,416682,572.31,Click Gel Automatic Citrus Scent Toilet Bowl Cleaner
75,e17e4747,INV3486,2019-06-26,3289668,936.92,Morning Glory Muffin
75,547e9db2,INV1057,2021-03-19,1702212,879.13,Cranberry Nectar 100% Juice
75,82ab407d,INV1759,2023-09-20,1283291,384.92,Pure Squeezed Light Orange Juice No Pulp Juice Beverage
75,3b5af365,INV8475,2016-12-19,998561,741.14,Classic Jumbo Corndogs
75,b69532f9,INV8504,2020-10-22,1598209,341.19,Lafayette Butter Lettuce & Radicchio Salad Blend
75,87918277,INV4031,2020-05-13,906378,780.87,Signature German Chocolate Cake Mix
75,b8a97721,INV5593,2021-07-15,2790801,510.05,Green Chili & Cumin Adzuki Bean Burger
75,286dc285,INV4367,2018-05-14,1197123,895.78,100% Juice Apple Cider
76,0b90cc2e,INV9231,2016-10-09,197409,576.42,Classic Hummus
76,bb4a8eae,INV1676,2017-03-06,1668891,646.32,Spicy Ranch Salad Dressing
76,b3a2eed9,INV8224,2019-10-25,1454287,93.92,Mini Swirls Birthday Party Ice Cream Cones
76,639b1785,INV7661,2016-04-12,1598038,325.18,Makeup Removing Wipes
76,7e70e3df,INV4662,2018-12-08,2936631,428.07,Pop-Tarts Frosted Brown Sugar Cinnamon Toaster Pastries
76,c86f1386,INV2832,2017-05-05,3420219,4.66,Pink Grapefruit Scented Natural Air Freshener
76,e1333024,INV4911,2021-09-04,657699,929.98,Purrfect Grain Free Chicken Cat Food
76,8f15ffbb,INV8675,2019-12-07,1344845,630.11,Protein Bar Mint Chocolate
76,e165bb3c,INV6261,2016-03-07,1210653,225.04,Chicken Condensed Consomme
76,cb79f9e2,INV7583,2022-01-27,908870,353.75,"Potato Chips, Original Lightly Salted"
76,ad5f1d45,INV9180,2018-02-01,132811,634.31,"B-Complex \""100\"" v-caps"
76,4e05f37c,INV2277,2018-07-27,1078421,536.37,Grain Free Core Wild Game Formula Dog Food
76,45a865aa,INV5500,2021-02-08,35089,659.93,Dry Gerwurztraminer
76,5c719b79,INV1977,2022-10-14,1511720,201.47,3D White Brilliance Boost Toothpaste
77,eeed640b,INV2871,2023-08-05,1232544,236.37,Super Firm Tofu
77,06e72999,INV3644,2022-08-12,338234,967.08,Fruit Punch Super Drink
77,bd893adf,INV4217,2017-06-28,1068331,877.71,Family Size Peanut Butter Cracker Sandwiches
78,973fdfef,INV8044,2017-09-20,889748,24.48,"Hint of Mint, Rich Chocolate with a Splash of Mint Fit Frozen Dessert"
78,a0125089,INV1933,2015-02-24,3149754,186.07,Gourmet Cut Caesar Croutons
78,bce14727,INV8886,2016-08-27,1408592,69.14,All Natural Virgin Lemonade
78,9aa5a3dc,INV1116,2023-05-19,549026,672.64,Graham Crackers
78,7e5a969f,INV5060,2020-03-14,1726804,322.64,Chocolate Filled Brioche
78,7f11aaea,INV5666,2016-09-03,352520,469.87,Essential Red
78,f9c6636e,INV8266,2016-06-24,127686,982.71,Organic Strawberry Yogurt & Fruit Snack
78,d84d740f,INV1909,2022-01-08,2540362,905.54,Carnaroli Rice
78,4c0c0d51,INV6822,2022-09-17,895008,874.66,Complete All in 1 Lemon Scented Action Packs With Dawn
78,f0283405,INV1079,2018-06-01,2924720,743.07,Stevia in the Raw Baking Bag
78,95873564,INV4987,2021-04-09,2905358,353.98,Milk Chocolate and Chocolate Fudge/Milk Chocolate Swirl Pudding
78,9296dacb,INV8390,2018-07-16,2247094,703.3,Traditional Refried Pinto Beans
78,d22bb0cc,INV2963,2021-01-06,2363707,820.35,Mini Semisoft Gouda Cheeses
78,4ca0792c,INV8083,2016-02-10,2708640,277.79,Vegan Cheddar Mac & Cheese
78,1f152ae3,INV3225,2023-07-20,335434,626.6,1 Razor Handle and 2 Freesia Scented Razor Refills  Premium BladeRazor System
78,1e98694b,INV9232,2021-09-10,2126004,122.15,Cheddar & Sour Cream Potato Chips
78,dbfdf090,INV2513,2021-09-02,2184099,675.21,Cinnamon Vanilla Toastables
79,86ff4d17,INV3229,2016-12-06,2180684,555.38,Colby Jack Cheese
79,84672e76,INV1541,2015-03-02,529833,197.42,Rocky Mountain Sourdough Bread
79,a3e160ff,INV6937,2017-11-26,608010,156.57,Gluten-Free Multi Seed Rice Bread
79,c3bd9f18,INV1539,2017-10-15,1778035,579.85,Advanced Care Rebalance Anti-perspirant
79,02f36c78,INV6652,2021-02-09,2073213,198.39,Naturally Raw Honey
79,dbd7cf29,INV3581,2020-11-03,2209687,224.18,Coconut 72% Raw Cocoa Chocolate Bar
79,08b4fb76,INV1015,2023-12-14,149199,829.84,Big Eye IPA
79,3c61d97f,INV9242,2020-12-19,634462,701.45,Doubleshot Light Espresso and Cream Coffee Drink
79,7e104618,INV7774,2015-02-15,1624804,782.63,Flavorsplash Raspberry Water Beverage
79,b1e85f91,INV5425,2022-01-24,2938525,885.24,Beef 6 Ct Tamales
79,e194010b,INV6138,2022-06-01,562366,350.79,Emmentaler Swiss Slices
79,8819a0fe,INV3962,2022-02-05,1454207,485.62,Medium Guajillo Roasted Garlic & Tomatillo Salsa
79,b095324c,INV3130,2019-11-01,1482416,879.49,Co-Q10 100 Mg Capsules
79,b76299ba,INV4664,2018-09-19,2044582,634.54,"Fire-Roasted Tomato Taco Sauce, Medium"
80,935ae1c8,INV4785,2017-03-17,2879552,576.85,Honey Smacks Sweetened Puffed Wheat Cereal
80,78f795e3,INV5328,2021-11-11,2269625,504.28,Ultra Thin Crust Ultimate Combo Pizza
80,3b5d0464,INV8894,2023-11-06,3161346,929.79,"Laundry Detergent, 3-In-1, HE, Fragrance Free"
80,5620f46b,INV7117,2019-01-28,939225,650.23,Talenti Banana Chocolate Swirl Gelato
80,a7405130,INV7874,2015-06-05,2970344,357.67,Good Hope Vanilla Red Tea Bags
80,d1c649d4,INV4421,2017-11-16,2452004,631.04,French Lavendar Leave In Conditioner
80,d14150d0,INV1721,2019-04-10,2126702,856.14,Salisbury Steak Home Style Meals
80,57c90553,INV5685,2021-07-22,142494,885.08,Coconut  Chocolate Bar
80,7b62775b,INV2084,2021-08-16,1067755,4.85,Gluten-Free Graham Style Crackers Chocolate Grahams
80,2bb708dd,INV9680,2018-06-06,2481437,743.95,Hickory Smoked Beef Jerky
80,c8c3b505,INV4076,2018-07-02,558425,748.67,Original Probiotic Dairy Drink
80,a3c383bd,INV4742,2016-03-12,939332,196.48,Tornado Mop Refill
80,6c81fa6f,INV7014,2023-07-05,536224,946.12,Stage 1 First Pears
81,a53074df,INV6882,2015-05-08,2702375,424.51,80% Dark Stone Ground Chocolate
81,e8b22c58,INV8676,2019-09-01,570119,645.89,Spicy Shrimp Avocado Roll
81,4165210a,INV5159,2015-07-08,2489471,36.46,Organic Summer Strawberry Bunny Fruit Snacks
81,c115a81d,INV9577,2022-11-26,1823156,533.6,Febreze Fresh Clean Garbage Bags
81,6d9583a5,INV5967,2016-05-20,2502392,356.69,Premium Select Perfect Hot Salsa
81,68467609,INV6907,2022-04-26,3086050,94.02,Stimulations Ecstasy Ultrasmooth Lubricant Premium Latex Condoms
81,79823908,INV5582,2016-07-12,1310553,146.94,Garden Vegetable Ready Rice
81,750efcf5,INV8876,2023-02-02,2068129,291.69,Texas BBQ Seaweed Snack
81,c1d26c76,INV9847,2021-08-25,2689619,95.39,Proactive Health Indoor Weight & Hairball Care with Chicken Cat Food
81,70e57330,INV7061,2018-12-18,1763846,78.9,Tub And Tile Spray Cleaner
82,673e2c6b,INV7632,2016-04-05,32186,265.43,Organic Unsweetened Original Rice Drink
82,9ca47de4,INV8892,2016-11-02,885592,434.5,Mushroom Spinach & Salsa Tamales With 2 Cheeses
82,b09d7318,INV9821,2018-04-05,1093717,931.26,Rosemont Crest Blend Coffee
82,01d47e51,INV7785,2016-03-15,2223977,7.52,No Pulp Calcium + Vitamin D Orange Juice
82,d17bfdb0,INV9874,2022-12-10,26717,26.86,Klassic Onion Buns 8 ct
82,d3e74882,INV8054,2016-08-26,2666506,241.77,Cactus Water With Cucumber and Green Tea
82,a50b827f,INV9573,2019-09-06,970522,945.32,Polish
82,ed54bc22,INV2810,2016-12-12,2928265,863.75,Organic Whole Grain Red Quinoa
82,6701a00d,INV7164,2022-02-15,2017052,897.23,"Cheese Ups, Classic Cheese"
82,c21cbe59,INV1296,2022-09-01,2006281,16.78,Premium Classic Chicken Recipe Cat Food
82,f1915c08,INV3479,2020-08-24,2285987,483.57,Portabella Veggie Burgers
82,99ac1c48,INV9000,2023-08-02,1065801,237.99,Deep Woods Insect Repellent VII
82,00b51e55,INV8350,2020-01-13,3283380,4.72,Scented Oil Refill Virgin Islands
82,03666632,INV2330,2022-10-18,2499136,5.39,Thick Cut Naturally Smoked Sliced Bacon
82,d5c77863,INV2757,2016-07-02,28517,703.73,Uncured Smoked Duck Bacon
83,8558c251,INV5255,2017-06-16,1243578,209.95,Select Starts Cranberry Almond Instant Oatmeal
83,256fda75,INV8465,2018-12-18,2829831,499.38,Strawberry Lowfat Yogurt
83,5294e6c4,INV4477,2018-04-20,1774917,676.17,Lime Tangerine Yerba Mate Shot
83,1b4c5eb9,INV1513,2020-09-14,2317596,23.75,Cucumber Dill Lentil Chips
83,6df2da22,INV4549,2018-09-07,529275,625.82,Vanilla Bite Size Wafer Cookies
83,d593139e,INV3869,2016-08-15,125881,912.61,Alcaparrado Manzanilla Olives
83,10a56cd8,INV1287,2020-07-18,2378328,985.05,Organic Multigrain Mild Green Mojo Tortilla Chips
83,1776c766,INV9129,2017-05-05,3041681,857.97,Spelt Flakes
83,2d64c2c9,INV2336,2021-11-09,2489223,54.87,"Cabernet Sauvignon, California"
83,5c3dc6fb,INV9614,2017-06-06,2738015,285.57,Eye Allergy Relief Eye Drops
83,cb646576,INV8078,2018-08-04,2162769,978.15,Hot Fudge Topping
83,df01e59d,INV3898,2022-07-04,2474911,847.89,Organic Mayonaise
83,88ee13fb,INV5361,2019-09-26,1558596,909.96,The Original Natural Herb Drops Cough Suppressant
83,a4b98d96,INV5170,2015-11-25,2602219,252.81,Pronamel Multi-Action Cleansing Mint Toothpaste
83,68c178a4,INV2983,2022-12-03,1222902,76.32,Spicy Shrimp Flavor Bowl Noodle  Soup
83,6f3cb20f,INV2841,2020-12-17,1596998,492.31,Fancy Shredded Sharp Cheddar Cheese
84,42e44f8c,INV4754,2016-04-24,3121949,538.99,"Ice Cream, Natural, French Vanilla"
84,8680ea90,INV3498,2015-09-17,566956,43.14,"Candy Bar, Mini, Coconut"
84,99d32600,INV2112,2016-03-08,1498950,310.26,Organic Blueberries Package
84,127ca555,INV3419,2016-04-04,802352,290.64,Vitamin D Full Fat Milk
84,7b7fbf1f,INV1683,2019-11-03,1268569,445.3,Street Tacos
84,d41e5680,INV2617,2017-04-24,165564,655.73,Cold Snap Herbal Supplement Capsules
84,92f42578,INV6335,2020-11-24,3164423,161.86,Honeycrisp Bag
84,dfcd9ca3,INV1213,2016-04-11,912967,232.24,Boneless Skinless Chicken Thighs
84,a42e4ce4,INV5509,2022-06-15,2488784,674.69,Extra Strength Itch Cooling Spray
84,307bd48c,INV4375,2020-10-24,385640,400.45,Potted Meat Chicken & Pork
84,87e21cb6,INV2403,2020-03-26,1697305,211.14,Musli No. 1 Natural Body Power
84,6451c4ff,INV7923,2019-04-26,249914,405.2,Fruit Refreshers Pineapple In Passionfruit Fruit Water
84,143ec5f4,INV4740,2021-12-23,1375885,566.49,"Peter Rabbit Organics Beet, Carrot & Pear Sauce"
84,95a401d2,INV2952,2018-09-21,1374363,717.81,Butter Chicken Simmer Sauce
84,3c9e8f5d,INV2105,2022-06-14,1849805,313.69,Decadence Biscotti
85,e771082a,INV8004,2015-07-02,2662712,663.19,Honey Lemon Menthol Cough Suppressant Drops
85,6a86c646,INV6361,2018-07-01,1630166,529.69,Organic Brussel Sprouts
85,a4f96a0e,INV2643,2016-03-10,1703671,216.7,San Francisco Style Bbq Sauce
85,6f17fcf8,INV2690,2021-03-26,679755,453.91,Fat Free Raspberry Vinaigrette
85,aa33ca90,INV6929,2021-06-24,3248912,358.49,Organic White Onion
85,0a94d209,INV2221,2023-08-09,2636527,559.34,Freshly made pasta in a Real Cheddar cheese sauce Macaroni & Cheese
85,e5299150,INV3492,2017-07-22,2701714,237.8,Chicken & Broccoli Pot Pie
85,2416960d,INV9880,2022-08-11,318728,766.92,Organic Salted Butter
85,f6083f03,INV1520,2015-07-06,635735,568.53,Cinnamon Toasters Cereal
85,ec7f9009,INV3739,2020-11-09,1098021,321.56,Organic Coconut Bliss Non Dairy Frozen Dessert
85,9d69c2a6,INV8172,2023-12-20,2075882,950.49,Pizza Bagels
85,8cff30df,INV8761,2018-04-04,1425380,977.43,Gluten Free Pizza Dough Ball
85,4940dc47,INV9420,2016-07-08,358196,778.76,Veggie Canadian Bacon
86,46c39935,INV9078,2015-12-27,1689484,126.15,Chicken Alfredo with Rotini
86,c1a63cad,INV8836,2023-02-12,2285027,433.69,Cherry Juice Infused Craisins
86,b1849b9a,INV6308,2020-01-13,3180303,781.19,Toasted Chips Garden Valley Veggie Wheat Thins
86,cce12e7e,INV6712,2016-05-04,2649909,628.54,Smooth and Creamy Sour Cream
86,8990163d,INV2930,2020-12-11,1609269,545.08,Black Bean Burger Meatless Patties
86,ac266895,INV5146,2015-05-02,1473392,694.77,Moisturizing Sandalwood Shower Gel
86,69254d46,INV5865,2017-05-20,1897626,270.61,Maple Arrowroot Cookies for Toddlers
86,50c7d8fd,INV2974,2015-03-11,313063,306.49,Zinger Babies
86,34512f13,INV8875,2022-05-07,1368540,445.92,English Breakfast Tea
86,3004499f,INV2990,2022-09-22,1852615,305.68,Organic Unbleached Bread Flour
86,22cd211d,INV9611,2019-10-21,2968964,903.15,Pure Zero Silver Ice Energy Drink
86,e5c386c1,INV2270,2018-02-09,1581781,248.37,Roasted Garlic and Caramelized Onions Pasta Sauce
86,578e95ca,INV4387,2017-04-22,1423231,342.5,Raw Chocolate Cacao Nibs
86,99c68e6f,INV7072,2016-03-28,667442,365.6,Bite Size Candies Tropical
86,3bad4fbf,INV7384,2016-12-02,3076903,192.83,Riced Cauliflower & Broccoli
86,4fa7200f,INV6855,2015-03-27,2551834,245.0,Organic Dragonwell Tea
86,adb057ff,INV9538,2023-03-03,2999175,577.26,Organic Honey Hand Soap Foam
86,636e1d82,INV8775,2019-03-26,2180155,399.37,Shortbread & Caramel Dark Chocolate Squares
86,90d993f4,INV8506,2021-08-02,2549988,341.37,Lunchables Turkey & American Cheese with Crackers
87,aba5ee5d,INV8778,2015-09-07,2206100,866.78,IncrediBites for Small Dogs With Real Beef Dog Food
87,3e3ee9a7,INV1821,2023-06-26,2209969,355.27,Mega Pack Everyday Plates
87,580cbc43,INV6416,2015-03-27,1107177,711.08,Organic Maple Stroopwafels Cookies
87,96dbbdf2,INV9241,2019-08-12,876506,166.49,Chicken Enchilada Bowl
87,5dd07c53,INV3130,2020-05-26,319744,538.69,Pie Crust
87,1c9f7cf4,INV7198,2018-07-10,1154241,685.77,Home Sandwich Bags Fold & Close
87,4cbf17b2,INV4659,2022-06-22,2281815,201.04,Digestive Advantage Probiotic Fruit Gummies
87,d6d56ae9,INV3441,2020-08-11,2699067,44.41,"Skin Renew Miracle Skin Perfector BB Cream: Daily Anti-Aging, Light/Medium"
87,5774189c,INV8603,2023-12-27,1731050,32.28,Vanilla Sandwich Creme Cookies
87,fd77d5b8,INV4633,2019-10-22,301097,363.25,Ultra Thin Sausage Pizza
87,cfa1f656,INV3064,2016-04-06,1700240,425.97,Optique Eye Drops
87,e8ac3bec,INV2511,2015-06-14,3164674,155.83,Extra Whitening Sensitivity Protection Toothpaste Twin Pack
87,410e2426,INV3809,2022-03-28,2357972,930.2,Gluten Free Plain Tortilla
87,0b6442f0,INV9474,2018-01-26,1015135,693.42,ZuZu Luxe Onyx Mascara
87,65c2d418,INV8829,2023-05-01,2874136,754.64,Simply Naked Pita Chips
87,18cdf48f,INV3071,2020-02-09,672272,50.8,Ultra Thin Pastrami
87,668c2fe1,INV6257,2017-10-18,821250,619.76,Regular Scent Bleach
87,ae562316,INV6019,2020-04-02,728760,106.34,Creamy Supreme Frosting Classic White
87,0faece01,INV1576,2016-09-12,2568822,523.91,"Gelato Dessert, Peach, Box"
87,4072e2f2,INV5293,2018-04-17,1977982,876.17,Breakfast Blend Whole Bean Coffee
88,ec5867cf,INV3036,2017-03-23,2024553,786.52,Hazelnut Fat Free Liquid Coffee Creamer
88,6de826c8,INV3358,2016-11-15,185748,246.45,Diced Pancetta
88,24f64008,INV9278,2019-05-21,3275802,948.76,Pressed Pineapple Banana Kale Bar
88,58f12362,INV4976,2016-06-08,1136330,72.88,Prime Filets Chicken & Tuna Dinner in Gravy Cat Food
88,151de733,INV8933,2016-09-07,1788629,871.45,100% Mixed Berry Juice Boxes
88,022dad06,INV1795,2018-06-20,1484581,824.74,Peeps Oreo Limited Edition With Marshmallow Peeps Flavored Creme Sandwich Cookies
88,272b5d91,INV9340,2023-04-25,2846012,94.35,Original Cookies
88,7797f8df,INV1429,2016-10-11,3116811,740.39,Geranium Scented Multi-Surface Everyday Spray Cleaner
88,00ca60cb,INV8231,2017-04-22,1096600,623.77,Dog Treat Beneful Healthy Smile Twists Large
88,2180b6fc,INV8407,2022-04-14,1152573,218.77,Very Volumizing Pomegranate  Shampoo
88,850bdfa4,INV2845,2015-11-19,3100983,754.61,"Premium Dressing, French Vinaigrette"
88,c0f58533,INV4058,2023-06-25,3036661,127.8,100 Calorie Right Bites Crackers
88,048bf9a4,INV8958,2018-04-23,2050986,868.99,Stimulations Ultra Ribbed Premium Lubricant Latex Condoms
88,ead1937e,INV3063,2017-06-26,1895687,995.07,"Burgers, Veggie, Black Bean South West"
88,149489e0,INV9184,2017-09-25,3087946,9.7,Original Tube Lip Balm
88,936eacd4,INV9481,2019-03-07,1689970,742.72,Raw Protein Vanilla Chai
88,293f6103,INV5950,2017-06-09,2866516,257.93,Blackcurrant Jelly
88,ab1afc37,INV3404,2019-10-03,1037895,48.35,Imported Classic Pure Mild Olive Oil
88,37f8f825,INV3893,2017-10-13,2290748,956.41,"Organic Spelt Mini Pretzels, Low Sodium"
88,137bce2e,INV3256,2017-06-03,734234,110.8,Donettes Frosted Mini Donuts
89,7a9b7349,INV9440,2015-12-11,31222,481.19,Medium House Blend Decaf Ground Coffee
89,4e3191c1,INV1297,2018-10-25,3244268,739.22,Low Dose 81mg Enteric Coated Aspirin Tablets Pain Reliever
89,ca4b7f5c,INV5652,2021-09-26,2034438,786.83,Organic Alba Clamshell Mushrooms
89,7e8e9b37,INV9633,2020-05-16,2851415,39.63,Medium Flour Tortillas
89,014abce5,INV9736,2020-01-02,251502,676.33,Simply 3 Cheese Tortellini
89,f28d054b,INV6596,2021-01-12,88156,237.2,Flavored with Meat Italian Sauce
89,17c4ea1c,INV3747,2017-07-17,2119816,168.93,Original Nasal Strips
89,1f0d3d2a,INV4942,2023-03-08,2357707,404.92,Cocoa & Vanilla Bunny Cookies Gluten Free Bunny Cookies Gluten Free
89,0571fb96,INV3322,2018-03-04,1316454,685.41,Organic Creamy Sweet Potato Soup
89,b93d1b3d,INV4184,2017-10-23,1801131,389.52,Organic Premium Roasted Seaweed Snack
89,12251947,INV6905,2023-03-12,2777675,296.95,Rice Sides Chicken Flavor
89,71beee56,INV4737,2020-10-18,1342737,565.34,VitaSea Juice
89,b3f2282d,INV2518,2023-12-10,1627417,464.78,Citrus Lemon Disinfectant Bathroom Cleaner
89,428c1fbb,INV8365,2017-11-25,3193936,985.83,Honey Salted Peanut Bar
89,047e819d,INV5288,2020-06-03,2586648,686.13,Asian Noodle Salad
89,b04e5a96,INV2953,2019-07-18,2792278,463.37,Organic Flip for Flapjacks Pancake Mix
90,f99d66af,INV5944,2023-07-24,2876816,513.88,Organic Firm Tofu
90,5a7b10c6,INV3692,2023-11-27,2981657,179.81,Medium Tikka Masala Curry
90,f05eadfd,INV4457,2015-11-06,396080,312.47,Chevremousse Whipped Goat's Cheese
90,25c82305,INV4955,2017-11-16,1572191,640.41,Medium Pearled Barley
90,787a6c4c,INV5442,2015-12-16,2458918,46.19,Fresh Lean Ground Turkey
90,7bd1f7a7,INV1396,2020-10-20,2964380,935.18,Birthday Banner
90,72aecb2a,INV1461,2022-03-23,2808358,671.8,Organic Sweet Beets Juice
90,5d726a65,INV4686,2022-09-28,447740,347.28,Fingerling Potato
90,0e1c2f38,INV5812,2022-11-20,2238169,841.37,Gluten Free Brownie Bites
90,bea30da5,INV1044,2018-07-19,1346602,142.35,Sweet Roasted Red Peppers
90,fd1c7935,INV7954,2023-05-12,3412701,829.08,Barbeque Glazed Chicken Breasts
90,3480b015,INV1025,2022-11-04,2443775,701.0,Organic Pear Juice
90,98b95029,INV8727,2021-03-05,2413213,364.27,Fillable Dish Wand
90,252d50d1,INV3440,2021-09-16,853805,315.06,"Coffee, Ground, Chocolate Glazed Donut"
91,05090b96,INV1915,2016-09-17,379221,732.12,Nutri-Grain Raspberry Cereal Bars
91,b11e883f,INV7747,2015-09-05,826900,327.52,Fudge Graham Nutrition
91,359cbc98,INV4628,2022-10-07,1997699,257.34,Unstopables Fresh & Flirty Scent Oil Warmer & Refill Set
91,0593d70f,INV1935,2022-03-28,2725616,968.28,Light Champagne Dressing
91,f657dc57,INV3855,2015-08-10,720914,752.26,Apples & Cinnamon Steel Cut Oats With Flax
91,00f7749d,INV1565,2016-05-21,1621508,981.44,Fresh Breath Oral Rinse Mild Mint
91,cbdebad3,INV1659,2016-12-23,1116032,659.44,Pure Rooibos Red Tea
91,f50f1c81,INV8143,2021-06-03,1707104,753.76,Roasted Tomato Salsa
91,b29863ce,INV6877,2019-08-28,3148512,229.77,Medium Navel Orange
91,ee2de90e,INV8973,2022-03-08,3205989,57.41,Hero Twists Mozzarella String Cheese
91,430ba398,INV5926,2023-04-01,745923,803.32,"Sunny Outlook Bath Salts Mandarin, Lemon & Ginger"
91,d0b5f515,INV7555,2021-12-13,1292749,920.47,Honestly Healthy Blackberries
91,058aba25,INV6340,2023-09-10,1095870,176.96,Organic Mint Chip Ice Cream
91,eb8b617c,INV6250,2021-06-09,3061557,130.27,Heart Healthy Minestrone Soup
91,73bfa635,INV5889,2020-01-13,2281293,964.67,Walnut Spray Oil
91,b517023c,INV9121,2017-02-15,168536,99.53,Shabbos Candles
91,b3fbdf82,INV7281,2017-03-20,2547036,686.28,Original Lotion
91,306cc04a,INV1326,2017-06-05,1733116,290.03,Jarro-Dophilus + Fos 3.4 Billion 6 Strains capsules
91,75a156de,INV8603,2017-09-01,1045250,129.05,Thai Style Yellow Curry Chicken
91,82a085d7,INV6036,2015-07-19,2109945,394.65,Bedtime Tea
92,d014a75f,INV4475,2019-11-18,2350220,274.87,Classic Seafood Feast Cat Food
92,8640276c,INV2283,2017-06-10,2353685,295.19,Diet Cran-Mango Juice
92,6ffbdf71,INV3850,2018-06-10,1671393,163.3,Warm & Crunchy Honey Almond Granola
92,6b08fa52,INV2415,2018-11-10,961736,87.65,Toast Chee Peanut Butter Sandwich Crackers
92,9e14c87e,INV3252,2018-10-06,2860193,204.57,Rejuvenating Apricot Natural Kernal Skin Care Oil
92,4fe11995,INV7715,2022-05-13,1109469,94.48,Pure Unsweetened Apple Butter
92,bf8a1fa9,INV3812,2015-01-22,2149054,311.61,Kelp 660 mg Capsules
92,44cf6cea,INV6843,2018-10-08,2286742,356.93,Creamy Broth with Mackerel & Vegetables Cat Food
92,350f110c,INV6032,2022-08-05,3165689,700.15,Kitten Pate with Gourmet Chicken Wet Cat Food
92,1eb00b92,INV4592,2023-12-25,2388592,139.93,Knights Valley Cabernet Sauvignon
92,e4c7ae73,INV9766,2016-10-18,1108854,247.02,Fresh Cut Specialties Cut Golden Wax Beans
92,14dd12c8,INV4461,2015-09-15,734825,637.5,Jerky Strip Chicken Apple
92,b9c922a2,INV4835,2020-10-17,1564771,373.97,Egg Roll Wraps
92,aa357275,INV2837,2021-01-04,3121571,55.78,Center Cut Thick Sliced Bacon
92,208c7493,INV2638,2017-09-05,1642402,889.6,Authentic Green Tea
92,0c78561b,INV9992,2020-02-04,3276889,595.51,Duck Mousse with Port Wine
92,0f258f03,INV6646,2019-03-10,73819,748.05,Wheat Thins Multipack Variety 12 Ct 12oz
92,85310698,INV5016,2015-08-18,1885945,546.19,Plastic Knives
92,99bd1d3a,INV4536,2015-06-01,2221703,269.71,Digital Thermometer
93,9cc8de0c,INV4905,2021-06-08,545828,119.93,Blueberry Cobbler
93,1867d5d0,INV9114,2019-11-02,1045945,783.57,Gluten Free Hamburger Buns
93,c2df0648,INV4384,2015-12-14,2925802,612.48,"Sauerkraut, Raw"
93,e8b357d6,INV5129,2015-02-25,11731,453.64,"Meal Bar, Oatmeal Raisin"
93,5257b21e,INV7047,2019-07-03,2641099,761.42,Organic Golden Cashew Live Food Bar
93,e7fe07ac,INV2483,2017-12-03,1172103,585.0,Fresher Collection Fiji Deodorant
93,6011d4a7,INV4237,2021-04-12,2623181,808.91,Organic Country Italian Artisan Bread
93,089dd7e2,INV5254,2019-03-04,12679,841.17,Vegan Gourmet Shreds Fiesta Blend
93,e062c79d,INV8762,2017-04-06,1075521,678.43,Organic Free Range Chicken with White & Wild Rice Soup
93,35ee6e52,INV7355,2021-03-18,1450897,841.69,Cucumbers Eye Makeup Remover Pads
93,3a2dc6e2,INV2726,2023-02-15,1037909,321.15,Grape Juice
93,b46f4ad8,INV9467,2020-04-14,890883,376.78,All Purpose Salt Free Blend Seasoning
93,47806b6e,INV4854,2022-07-14,1583090,279.1,Pure Organic Coconut Water
93,0004cb24,INV8310,2018-05-19,1733246,801.06,Delights Turkey Sausage Egg Whites & Cheese English Muffin
93,ac79a570,INV3451,2018-12-20,3192264,73.29,"Sauvignon Blanc, Marlborough"
93,e373e8b5,INV6804,2017-12-11,3266312,867.31,Traditional Style Feta
94,65caeb04,INV6715,2022-11-17,67707,214.46,Toffee Almond Biscotti
94,bec9f416,INV7153,2015-07-02,2422131,842.17,Gluten Free Rice Millet Bread
94,919f3fdf,INV2576,2018-10-11,1017910,912.94,Rocks N Rolls Almond French Munching Cookies
94,61d07fb4,INV9018,2017-05-21,1661836,222.37,Chocolate Flavored Sprinkles
94,baf038e9,INV8044,2019-10-10,996052,111.67,Organic Blue Corn Tortila Chips
94,f6c3103c,INV7614,2017-02-16,2440602,405.3,Natural Antibacterial Foaming Soap Spearmint Lime
94,5812a63c,INV5422,2015-03-27,773574,97.7,Bathroom Tissue
94,6fd10f11,INV8624,2018-01-24,843366,182.3,Gourmet Vanilla Cream Soda
94,893e5013,INV7738,2016-06-19,2287256,528.77,"Smarter Water, pH 9.5, Ultra Purified"
94,26950285,INV7277,2019-10-13,505915,867.64,Supreme Speciale Pizza Thin Crust
94,5b64bb26,INV7954,2016-08-06,2476610,687.04,Pulsar Soft Battery Powered Toothbrush
94,61e63908,INV3511,2015-01-07,1569527,678.31,Maltesers
94,e8c80b45,INV1264,2018-09-04,2559884,616.61,Essentials Bathroom 2 Ply Soft Giant Roll Tissue
94,5289aa74,INV5752,2023-02-14,2159765,138.34,Organic Gravenstein Apple Juice
94,0d7b93a3,INV7427,2022-01-01,931156,93.92,Dha Omega 3 Reduced Fat 2% Milk
94,830133e9,INV5002,2018-07-26,41597,429.65,Assorted Bagels
94,369f8deb,INV9921,2022-12-06,761574,103.14,Corn Sweet Potato Tortilla Chips
94,10e02860,INV9039,2023-07-20,2149580,474.12,Banana 3.5 oz Cups 4 Yogurt
94,cc8944dd,INV5513,2018-04-22,9977,989.3,Platinum Yeast
95,05128df4,INV1902,2016-04-07,2373229,615.65,Squash Baby Food Stage 2
95,ae98637f,INV6155,2021-07-24,2743152,65.82,Paleo Magazine
95,b6862c27,INV8317,2016-09-22,726135,160.12,Original  Velveeta
95,05ac7c1d,INV7839,2016-05-13,1374862,689.11,Daytime Severe Cold & Cough Berry Packets
95,a6b6cee8,INV3400,2019-02-02,824610,840.57,Oat Blueberry Lemon Whenever Bars
95,550060d5,INV5563,2020-03-10,3144617,274.57,85% Lean Ground Beef
95,5b8f68de,INV1369,2018-04-13,765672,218.82,Alcohol Free Toner
95,9d7d59a6,INV3782,2023-02-12,1207200,462.01,Roasted Veggies Brussel Sprouts
95,5e02349b,INV2223,2020-01-28,3248348,761.34,Unscented Long Lasting Stick Deodorant
95,8ba34201,INV2840,2019-01-27,3367450,42.58,"Busy with Beggin' Twist'd Dog Treats, Small-Medium Dogs"
95,ea240985,INV9479,2016-08-10,1335824,85.72,SPF 30 Unscented Sunstick
95,29a5e57c,INV7190,2021-06-19,2228010,352.17,Mushroom And Cheese Ravioli
95,7b350129,INV8272,2019-05-19,1125848,985.8,Sliced Yellow Cling in Heavy Syrup Peaches
95,055b0cbc,INV9894,2016-04-24,2465042,269.08,5-HTP 100 Mg Vegetarian Capsules
95,7890c594,INV3003,2022-08-02,657962,220.82,Caff Latte with Milk Espresso Drink
95,9f8bb004,INV2109,2022-08-17,1531598,480.45,Red Grapefruit Sections in Light Syrup
95,388d1f85,INV7743,2020-04-20,37639,148.74,Gluten Free Sunrise Crunchy Maple Cereal
95,22128b26,INV2175,2019-11-09,628886,579.4,Light Cranberry & Raspberry Juice Drink
96,63c4a3df,INV7590,2022-02-19,2778921,481.14,Smalls Peppermint Sugar-Free Mints
96,ea163f52,INV9443,2023-05-02,3349991,153.28,Berry Lozenges Immune Support Supplement
96,6056b0d8,INV4705,2016-09-13,1000065,33.63,Thai Coconut Galangal Stir Fry Sauce
96,e0d30f0c,INV3608,2023-11-05,1762271,728.41,Organic Watercress
96,64703555,INV9757,2022-08-28,3405158,344.32,Chunky Mama's Special Garden Pasta Sauce
96,91e2793f,INV9565,2020-04-12,614585,43.47,Antibacterial Overnight Whitening Triple Mint Freshness Tablets
96,387450b4,INV3329,2016-12-23,1123436,232.4,Yerba Mate Orange Exuberance Tea
96,83f11e45,INV6210,2017-09-23,1529930,285.1,Korean Gochujang Hot & Sweet Sauce
96,a5b39d93,INV6952,2018-09-07,1660476,195.61,Chocolate Malt Frozen Custard
96,540a022d,INV2465,2018-05-16,2346042,14.07,Odorless Charcoal Lighter Fluid
96,35fbcaf4,INV8746,2017-10-12,1306305,792.84,Organic Red Lentil Mini Fettucini
96,230f0de5,INV7643,2022-11-18,690714,828.28,Beeswax Lip Balm
96,68cf0628,INV6589,2021-02-03,1363781,208.34,Complete Fresh Scent Dish Detergent Action Pacs
96,0af65adc,INV7532,2015-09-24,927629,900.72,Simply Dressed Light Blue Cheese Dressing
96,9bf0efe7,INV6595,2017-09-04,2549222,511.57,Peanut Butter Protein Replenishment Macrobar
96,9aa3fb0c,INV9246,2016-12-19,3219045,571.4,Organic Creamy Sweet Corn with Coconut Milk Soup
97,1e0ec904,INV6093,2019-02-14,1349656,173.86,Himalayan Pink Salt Liquid Hand Soap
97,f3a3fb91,INV5670,2016-07-02,1043050,964.19,Granular Style Sugar Replacement
97,6bb02ed9,INV2235,2019-08-14,421052,464.06,Cheese Nut Black Ash
97,f72838f8,INV4108,2020-09-09,1857101,957.6,Honest Toothpaste Fresh Mint
97,aaae9e2a,INV5119,2016-07-14,90742,657.3,Francese Home Bake Rolls
97,6c42ca0c,INV3037,2016-07-22,1167493,21.72,Latin Fiesta Snack Trays
97,edc5254f,INV4978,2020-09-05,3196470,741.04,"Farmstyle Greek Strained Yogurt Oregon Strawberry, 2% Milkfat"
97,3f05ffe3,INV4054,2020-02-04,1971039,301.08,Chocolate Brownie Kid Z Bar
97,8af87539,INV7275,2015-01-23,2657348,283.78,Chipotle Cracked Pepper
97,029e9c8e,INV3199,2015-11-24,1825414,569.28,Naturally Aged Cheddar Cheese Block Hot Habanero
97,fc15c2fa,INV4670,2016-05-17,1657132,303.0,Rich & Hearty Chicken Corn Chowder Flavored with Bacon Soup
97,c32f44b6,INV7602,2016-11-04,1495226,256.03,Nutrish Soup Bones Real Beef & Barley Flavor Chew Bones For Dogs
97,7e47cb63,INV2990,2020-08-06,84192,787.75,Large Candle Vanilla Cupcake
97,ad18a75e,INV4496,2023-03-26,1776363,200.3,Mushroom Ramen
97,e1168c1d,INV6770,2023-07-12,613374,522.59,Riserva Balsamic Vinegar & Caramelized Onions Sauce
97,554a908f,INV6338,2022-07-26,2407269,622.41,Natural Bliss Coconut Milk Coffee Creamer
97,0c35799f,INV8124,2023-02-28,867628,786.61,Beach Defense Sunscreen Lotion Broad Spectrum SPF 30
97,8ac1265a,INV8049,2017-11-21,1610954,447.53,Cheese Filled Blintzes Crepes
97,cec97ced,INV9143,2022-02-17,1189622,63.57,Whole Wheat Blueberry Fig Bars
97,22d768b4,INV1569,2019-09-19,2337480,799.6,Almond Milk Nog
97,0bcc9603,INV5704,2015-07-14,2233468,827.95,Mango Peach Salsa
98,ee854af1,INV6440,2015-05-04,1763812,797.54,Organic Lollipops Variety Pack
98,bb201703,INV4582,2016-05-09,28340,779.57,Crisp 'n Light Wholesome Wheat Crackerbread
98,6fedcb54,INV9552,2017-07-20,2807079,78.93,Classic Romaine
98,8aa7cd31,INV8126,2018-03-25,959790,315.22,9 inch Deep Dish Pie Crusts
98,19d096e8,INV1446,2020-08-23,1723394,927.71,No-Touch Antibacterial Soothing Cucumber Splash Scent Hand Soap Refill
98,81050cd0,INV8390,2023-11-23,2771226,402.61,Small Soft and Fluffy Flour Tortillas
98,b04bb837,INV1582,2020-05-21,3024004,308.82,Brightening Hydro Serum Facial Mask
98,8e488867,INV2746,2016-09-19,1091534,155.91,White Rum
98,1c5b3dec,INV5583,2023-06-25,79442,881.04,Original Cat Chow Naturals Plus Vitamins & Minerals Cat Food
98,838abe03,INV3503,2015-11-09,1737623,23.27,Greek 100 Protein Vanilla Fat Free Yogurt
98,2a60964c,INV1211,2022-08-11,187052,2.76,Small Batch Kentucky Straight Bourbon Whiskey
98,2b79c9e0,INV6072,2019-07-28,2909213,295.53,Organic Diced Fire Roasted Tomatoes
98,e428982e,INV6122,2022-03-19,814439,635.74,Smoky Medium Roasted Salsa
98,cc3af04f,INV8561,2023-03-27,419481,71.59,Medium Pitted California Ripe Olives
98,c4621478,INV4710,2023-01-14,575893,840.03,Golden Monkey
99,74f5a27f,INV6119,2018-04-15,1084573,177.88,Honey Mustard & Onion Deli Style Pretzel Crisps
99,651f8027,INV6276,2016-10-06,2054523,470.7,Chlorine Free Flushable Wipes Pack
99,e8e50284,INV1187,2016-08-02,941329,772.35,Dairy Free Greek Vinaigrette Made With Avocado Oil & Oil of Oregano
99,a9b48e09,INV5505,2021-10-28,3232940,933.55,Italian Vinaigrette Dressing
99,c3683ba2,INV2452,2023-09-07,1779012,302.11,Buttercup Squash
99,eb2ce2fb,INV6401,2017-10-14,1362514,819.37,Quick-Tie Tall Kitchen Bags Gallon - 35 CT
99,37c84c8b,INV9116,2020-05-18,2865092,177.04,"Nut, Spice, Black Truffle, Sea Salt Bar"
99,8a4d0192,INV9017,2019-09-07,547923,803.95,Imported Swiss Cheese
99,169f5bec,INV6943,2018-10-06,1944500,500.85,Milk Chocolate Baking Bar
99,3190f1c1,INV2519,2019-06-20,2218196,588.47,Light Mozzarella String Cheese
99,4b118f8a,INV4231,2018-08-15,2895334,354.55,Cranberry Blueberry Blackberry Flavor 100% Juice
99,91d024ab,INV9425,2017-03-03,229300,475.8,Ultimate Chocolate Sauce
99,2251e36f,INV5283,2017-09-18,711313,215.55,Fly Ribbon
99,ddb4169f,INV5211,2019-10-23,3066097,691.82,Organic Sesame Oil
99,59d6e7cf,INV6045,2020-04-20,1727533,776.0,Garden Salsa Multigrain Chips
99,e8c1c358,INV3156,2018-07-16,3003127,676.84,Organic Protein Chocolate & Almond & Coconut Milk Superfood Smoothie
99,3983b4c6,INV4583,2015-10-27,1465937,351.18,DGL Licorice Root Extract
99,e91cc5ec,INV7958,2019-06-22,644911,962.45,"Light Calcium, with Magnesium, Natural Orange Flavor"
99,9a7237e0,INV7191,2020-11-20,3176479,161.28,Brown Rice Pasta Vegetable Spirals
99,65d640fa,INV1903,2022-10-27,982756,24.22,Oh My Yog! Madagascar Vanilla Trilayer Yogyurt
100,c76e3dc6,INV6680,2022-02-13,845228,157.46,Lacuna Dark Roast Ground Coffee
100,c9a66dfb,INV3840,2016-08-26,2207446,833.08,"Adhesive Bandages, Finding Dory, Assorted Sizes"
100,da6c0c0d,INV4762,2022-07-11,280448,242.86,Chipotle Ranch Greek Yogurt Dip
100,7317076a,INV5543,2018-04-26,2648328,199.93,Pumpkin Creme Pie
100,d1cb6b66,INV9500,2019-07-23,3029530,170.15,Dairy Free Grated Parmesan Style Topping
100,c0a7fa32,INV9008,2015-08-28,2812503,243.14,Black Cherry Apple Fruit Juice Drink
100,123ba31f,INV1852,2023-06-10,713806,660.4,Gluten Free Classy Slice Bread
100,c708e2b3,INV5006,2015-06-07,2683383,88.48,Red Enchilada Sauce
100,5cfbe3ce,INV8547,2018-04-09,2509386,27.28,"Brown Rice, Organic"
100,683ea68a,INV9646,2019-12-04,622085,307.27,Alka-Seltzer Plus Severe Sinus Day & Night Liquid
